personna; day ; event; time
etudiant;2016-1-1;door;10:00
etudiant;2016-1-1;light_off;9:58
etudiant;2016-1-1;tv_off;9:55
etudiant;2016-1-1;clock;8:30
etudiant;2016-1-1;heater;8:0
etudiant;2016-1-1;light_on;8:31
etudiant;2016-1-1;coffee;8:47
etudiant;2016-1-1;tv_on;8:47
etudiant;2016-1-1;shower_on;9:21
etudiant;2016-1-1;shower_off;9:34
etudiant;2016-1-1;toothbrush;9:36
etudiant;2016-1-2;door;9:00
etudiant;2016-1-2;light_off;8:58
etudiant;2016-1-2;tv_off;8:55
etudiant;2016-1-2;clock;7:30
etudiant;2016-1-2;heater;7:0
etudiant;2016-1-2;light_on;7:31
etudiant;2016-1-2;coffee;7:43
etudiant;2016-1-2;tv_on;7:43
etudiant;2016-1-2;shower_on;8:4
etudiant;2016-1-2;shower_off;8:14
etudiant;2016-1-2;toothbrush;8:16
etudiant;2016-1-3;door;9:00
etudiant;2016-1-3;light_off;8:58
etudiant;2016-1-3;tv_off;8:55
etudiant;2016-1-3;clock;7:30
etudiant;2016-1-3;heater;7:0
etudiant;2016-1-3;light_on;7:31
etudiant;2016-1-3;coffee;7:48
etudiant;2016-1-3;tv_on;7:48
etudiant;2016-1-3;shower_on;8:25
etudiant;2016-1-3;shower_off;8:33
etudiant;2016-1-3;toothbrush;8:35
etudiant;2016-1-4;door;8:00
etudiant;2016-1-4;light_off;7:58
etudiant;2016-1-4;clock;7:0
etudiant;2016-1-4;heater;6:30
etudiant;2016-1-4;light_on;7:1
etudiant;2016-1-4;coffee;7:8
etudiant;2016-1-4;shower_on;7:18
etudiant;2016-1-4;shower_off;7:24
etudiant;2016-1-4;toothbrush;7:26
etudiant;2016-1-5;door;8:00
etudiant;2016-1-5;light_off;7:58
etudiant;2016-1-5;clock;7:0
etudiant;2016-1-5;heater;6:30
etudiant;2016-1-5;light_on;7:1
etudiant;2016-1-5;coffee;7:12
etudiant;2016-1-5;shower_on;7:25
etudiant;2016-1-5;shower_off;7:30
etudiant;2016-1-5;toothbrush;7:32
etudiant;2016-1-6;door;10:00
etudiant;2016-1-6;light_off;9:58
etudiant;2016-1-6;clock;9:0
etudiant;2016-1-6;heater;8:30
etudiant;2016-1-6;light_on;9:1
etudiant;2016-1-6;coffee;9:8
etudiant;2016-1-6;shower_on;9:17
etudiant;2016-1-6;shower_off;9:23
etudiant;2016-1-6;toothbrush;9:25
etudiant;2016-1-7;door;11:00
etudiant;2016-1-7;light_off;10:58
etudiant;2016-1-7;clock;10:0
etudiant;2016-1-7;heater;9:30
etudiant;2016-1-7;light_on;10:1
etudiant;2016-1-7;coffee;10:10
etudiant;2016-1-7;shower_on;10:18
etudiant;2016-1-7;shower_off;10:24
etudiant;2016-1-7;toothbrush;10:26
etudiant;2016-1-8;door;8:00
etudiant;2016-1-8;light_off;7:58
etudiant;2016-1-8;clock;7:0
etudiant;2016-1-8;heater;6:30
etudiant;2016-1-8;light_on;7:1
etudiant;2016-1-8;coffee;7:12
etudiant;2016-1-8;shower_on;7:22
etudiant;2016-1-8;shower_off;7:28
etudiant;2016-1-8;toothbrush;7:30
etudiant;2016-1-9;door;9:00
etudiant;2016-1-9;light_off;8:58
etudiant;2016-1-9;tv_off;8:55
etudiant;2016-1-9;clock;7:30
etudiant;2016-1-9;heater;7:0
etudiant;2016-1-9;light_on;7:31
etudiant;2016-1-9;coffee;7:48
etudiant;2016-1-9;tv_on;7:48
etudiant;2016-1-9;shower_on;8:13
etudiant;2016-1-9;shower_off;8:25
etudiant;2016-1-9;toothbrush;8:27
etudiant;2016-1-10;door;10:00
etudiant;2016-1-10;light_off;9:58
etudiant;2016-1-10;tv_off;9:55
etudiant;2016-1-10;clock;8:30
etudiant;2016-1-10;heater;8:0
etudiant;2016-1-10;light_on;8:31
etudiant;2016-1-10;coffee;8:48
etudiant;2016-1-10;tv_on;8:48
etudiant;2016-1-10;shower_on;9:27
etudiant;2016-1-10;shower_off;9:40
etudiant;2016-1-10;toothbrush;9:42
etudiant;2016-1-11;door;8:00
etudiant;2016-1-11;light_off;7:58
etudiant;2016-1-11;clock;7:0
etudiant;2016-1-11;heater;6:30
etudiant;2016-1-11;light_on;7:1
etudiant;2016-1-11;coffee;7:10
etudiant;2016-1-11;shower_on;7:21
etudiant;2016-1-11;shower_off;7:28
etudiant;2016-1-11;toothbrush;7:30
etudiant;2016-1-12;door;8:00
etudiant;2016-1-12;light_off;7:58
etudiant;2016-1-12;clock;7:0
etudiant;2016-1-12;heater;6:30
etudiant;2016-1-12;light_on;7:1
etudiant;2016-1-12;coffee;7:8
etudiant;2016-1-12;shower_on;7:18
etudiant;2016-1-12;shower_off;7:22
etudiant;2016-1-12;toothbrush;7:24
etudiant;2016-1-13;clock;6:30
etudiant;2016-1-13;heater;6:0
etudiant;2016-1-13;light_on;11:46
etudiant;2016-1-13;coffee;11:49
etudiant;2016-1-13;door;11:52
etudiant;2016-1-14;door;11:00
etudiant;2016-1-14;light_off;10:58
etudiant;2016-1-14;clock;10:0
etudiant;2016-1-14;heater;9:30
etudiant;2016-1-14;light_on;10:1
etudiant;2016-1-14;coffee;10:11
etudiant;2016-1-14;shower_on;10:22
etudiant;2016-1-14;shower_off;10:29
etudiant;2016-1-14;toothbrush;10:31
etudiant;2016-1-15;door;8:00
etudiant;2016-1-15;light_off;7:58
etudiant;2016-1-15;clock;7:0
etudiant;2016-1-15;heater;6:30
etudiant;2016-1-15;light_on;7:1
etudiant;2016-1-15;coffee;7:11
etudiant;2016-1-15;shower_on;7:23
etudiant;2016-1-15;shower_off;7:30
etudiant;2016-1-15;toothbrush;7:32
etudiant;2016-1-16;door;10:00
etudiant;2016-1-16;light_off;9:58
etudiant;2016-1-16;tv_off;9:55
etudiant;2016-1-16;clock;8:30
etudiant;2016-1-16;heater;8:0
etudiant;2016-1-16;light_on;8:31
etudiant;2016-1-16;coffee;8:48
etudiant;2016-1-16;tv_on;8:48
etudiant;2016-1-16;shower_on;9:16
etudiant;2016-1-16;shower_off;9:29
etudiant;2016-1-16;toothbrush;9:31
etudiant;2016-1-17;door;9:00
etudiant;2016-1-17;light_off;8:58
etudiant;2016-1-17;tv_off;8:55
etudiant;2016-1-17;clock;7:30
etudiant;2016-1-17;heater;7:0
etudiant;2016-1-17;light_on;7:31
etudiant;2016-1-17;coffee;7:43
etudiant;2016-1-17;tv_on;7:43
etudiant;2016-1-17;shower_on;8:13
etudiant;2016-1-17;shower_off;8:23
etudiant;2016-1-17;toothbrush;8:25
etudiant;2016-1-18;door;8:00
etudiant;2016-1-18;light_off;7:58
etudiant;2016-1-18;clock;7:0
etudiant;2016-1-18;heater;6:30
etudiant;2016-1-18;light_on;7:1
etudiant;2016-1-18;coffee;7:11
etudiant;2016-1-18;shower_on;7:23
etudiant;2016-1-18;shower_off;7:29
etudiant;2016-1-18;toothbrush;7:31
etudiant;2016-1-19;door;8:00
etudiant;2016-1-19;light_off;7:58
etudiant;2016-1-19;clock;7:0
etudiant;2016-1-19;heater;6:30
etudiant;2016-1-19;light_on;7:1
etudiant;2016-1-19;coffee;7:8
etudiant;2016-1-19;shower_on;7:16
etudiant;2016-1-19;shower_off;7:20
etudiant;2016-1-19;toothbrush;7:22
etudiant;2016-1-20;door;10:00
etudiant;2016-1-20;light_off;9:58
etudiant;2016-1-20;clock;9:0
etudiant;2016-1-20;heater;8:30
etudiant;2016-1-20;light_on;9:1
etudiant;2016-1-20;coffee;9:8
etudiant;2016-1-20;shower_on;9:16
etudiant;2016-1-20;shower_off;9:22
etudiant;2016-1-20;toothbrush;9:24
etudiant;2016-1-21;door;11:00
etudiant;2016-1-21;light_off;10:58
etudiant;2016-1-21;clock;10:0
etudiant;2016-1-21;heater;9:30
etudiant;2016-1-21;light_on;10:1
etudiant;2016-1-21;coffee;10:11
etudiant;2016-1-21;shower_on;10:21
etudiant;2016-1-21;shower_off;10:25
etudiant;2016-1-21;toothbrush;10:27
etudiant;2016-1-22;door;8:00
etudiant;2016-1-22;light_off;7:58
etudiant;2016-1-22;clock;7:0
etudiant;2016-1-22;heater;6:30
etudiant;2016-1-22;light_on;7:1
etudiant;2016-1-22;coffee;7:12
etudiant;2016-1-22;shower_on;7:24
etudiant;2016-1-22;shower_off;7:31
etudiant;2016-1-22;toothbrush;7:33
etudiant;2016-1-23;door;9:00
etudiant;2016-1-23;light_off;8:58
etudiant;2016-1-23;tv_off;8:55
etudiant;2016-1-23;clock;7:30
etudiant;2016-1-23;heater;7:0
etudiant;2016-1-23;light_on;7:31
etudiant;2016-1-23;coffee;7:43
etudiant;2016-1-23;tv_on;7:43
etudiant;2016-1-23;shower_on;8:5
etudiant;2016-1-23;shower_off;8:14
etudiant;2016-1-23;toothbrush;8:16
etudiant;2016-1-24;door;10:00
etudiant;2016-1-24;light_off;9:58
etudiant;2016-1-24;tv_off;9:55
etudiant;2016-1-24;clock;8:30
etudiant;2016-1-24;heater;8:0
etudiant;2016-1-24;light_on;8:31
etudiant;2016-1-24;coffee;8:46
etudiant;2016-1-24;tv_on;8:46
etudiant;2016-1-24;shower_on;9:8
etudiant;2016-1-24;shower_off;9:17
etudiant;2016-1-24;toothbrush;9:19
etudiant;2016-1-25;door;8:00
etudiant;2016-1-25;light_off;7:58
etudiant;2016-1-25;clock;7:0
etudiant;2016-1-25;heater;6:30
etudiant;2016-1-25;light_on;7:1
etudiant;2016-1-25;coffee;7:9
etudiant;2016-1-25;shower_on;7:19
etudiant;2016-1-25;shower_off;7:25
etudiant;2016-1-25;toothbrush;7:27
etudiant;2016-1-26;door;8:00
etudiant;2016-1-26;light_off;7:58
etudiant;2016-1-26;clock;7:0
etudiant;2016-1-26;heater;6:30
etudiant;2016-1-26;light_on;7:1
etudiant;2016-1-26;coffee;7:11
etudiant;2016-1-26;shower_on;7:20
etudiant;2016-1-26;shower_off;7:26
etudiant;2016-1-26;toothbrush;7:28
etudiant;2016-1-27;clock;6:30
etudiant;2016-1-27;heater;6:0
etudiant;2016-1-27;light_on;11:30
etudiant;2016-1-27;coffee;11:33
etudiant;2016-1-27;door;11:36
etudiant;2016-1-28;door;11:00
etudiant;2016-1-28;light_off;10:58
etudiant;2016-1-28;clock;10:0
etudiant;2016-1-28;heater;9:30
etudiant;2016-1-28;light_on;10:1
etudiant;2016-1-28;coffee;10:9
etudiant;2016-1-28;shower_on;10:18
etudiant;2016-1-28;shower_off;10:22
etudiant;2016-1-28;toothbrush;10:24
etudiant;2016-1-29;door;8:00
etudiant;2016-1-29;light_off;7:58
etudiant;2016-1-29;clock;7:0
etudiant;2016-1-29;heater;6:30
etudiant;2016-1-29;light_on;7:1
etudiant;2016-1-29;coffee;7:10
etudiant;2016-1-29;shower_on;7:18
etudiant;2016-1-29;shower_off;7:22
etudiant;2016-1-29;toothbrush;7:24
etudiant;2016-1-30;door;10:00
etudiant;2016-1-30;light_off;9:58
etudiant;2016-1-30;tv_off;9:55
etudiant;2016-1-30;clock;8:30
etudiant;2016-1-30;heater;8:0
etudiant;2016-1-30;light_on;8:31
etudiant;2016-1-30;coffee;8:47
etudiant;2016-1-30;tv_on;8:47
etudiant;2016-1-30;shower_on;9:27
etudiant;2016-1-30;shower_off;9:40
etudiant;2016-1-30;toothbrush;9:42
etudiant;2016-1-31;clock;6:30
etudiant;2016-1-31;heater;6:0
etudiant;2016-1-31;light_on;10:9
etudiant;2016-1-31;coffee;10:12
etudiant;2016-1-31;door;10:15
etudiant;2016-2-1;door;8:00
etudiant;2016-2-1;light_off;7:58
etudiant;2016-2-1;clock;7:0
etudiant;2016-2-1;heater;6:30
etudiant;2016-2-1;light_on;7:1
etudiant;2016-2-1;coffee;7:8
etudiant;2016-2-1;shower_on;7:21
etudiant;2016-2-1;shower_off;7:27
etudiant;2016-2-1;toothbrush;7:29
etudiant;2016-2-2;door;8:00
etudiant;2016-2-2;light_off;7:58
etudiant;2016-2-2;clock;7:0
etudiant;2016-2-2;heater;6:30
etudiant;2016-2-2;light_on;7:1
etudiant;2016-2-2;coffee;7:10
etudiant;2016-2-2;shower_on;7:21
etudiant;2016-2-2;shower_off;7:28
etudiant;2016-2-2;toothbrush;7:30
etudiant;2016-2-3;door;10:00
etudiant;2016-2-3;light_off;9:58
etudiant;2016-2-3;clock;9:0
etudiant;2016-2-3;heater;8:30
etudiant;2016-2-3;light_on;9:1
etudiant;2016-2-3;coffee;9:11
etudiant;2016-2-3;shower_on;9:20
etudiant;2016-2-3;shower_off;9:24
etudiant;2016-2-3;toothbrush;9:26
etudiant;2016-2-4;door;11:00
etudiant;2016-2-4;light_off;10:58
etudiant;2016-2-4;clock;10:0
etudiant;2016-2-4;heater;9:30
etudiant;2016-2-4;light_on;10:1
etudiant;2016-2-4;coffee;10:13
etudiant;2016-2-4;shower_on;10:25
etudiant;2016-2-4;shower_off;10:31
etudiant;2016-2-4;toothbrush;10:33
etudiant;2016-2-5;door;8:00
etudiant;2016-2-5;light_off;7:58
etudiant;2016-2-5;clock;7:0
etudiant;2016-2-5;heater;6:30
etudiant;2016-2-5;light_on;7:1
etudiant;2016-2-5;coffee;7:11
etudiant;2016-2-5;shower_on;7:20
etudiant;2016-2-5;shower_off;7:24
etudiant;2016-2-5;toothbrush;7:26
etudiant;2016-2-6;door;10:00
etudiant;2016-2-6;light_off;9:58
etudiant;2016-2-6;tv_off;9:55
etudiant;2016-2-6;clock;8:30
etudiant;2016-2-6;heater;8:0
etudiant;2016-2-6;light_on;8:31
etudiant;2016-2-6;coffee;8:45
etudiant;2016-2-6;tv_on;8:45
etudiant;2016-2-6;shower_on;9:25
etudiant;2016-2-6;shower_off;9:36
etudiant;2016-2-6;toothbrush;9:38
etudiant;2016-2-7;door;10:00
etudiant;2016-2-7;light_off;9:58
etudiant;2016-2-7;tv_off;9:55
etudiant;2016-2-7;clock;8:30
etudiant;2016-2-7;heater;8:0
etudiant;2016-2-7;light_on;8:31
etudiant;2016-2-7;coffee;8:48
etudiant;2016-2-7;tv_on;8:48
etudiant;2016-2-7;shower_on;9:16
etudiant;2016-2-7;shower_off;9:27
etudiant;2016-2-7;toothbrush;9:29
etudiant;2016-2-8;door;8:00
etudiant;2016-2-8;light_off;7:58
etudiant;2016-2-8;clock;7:0
etudiant;2016-2-8;heater;6:30
etudiant;2016-2-8;light_on;7:1
etudiant;2016-2-8;coffee;7:8
etudiant;2016-2-8;shower_on;7:17
etudiant;2016-2-8;shower_off;7:21
etudiant;2016-2-8;toothbrush;7:23
etudiant;2016-2-9;door;8:00
etudiant;2016-2-9;light_off;7:58
etudiant;2016-2-9;clock;7:0
etudiant;2016-2-9;heater;6:30
etudiant;2016-2-9;light_on;7:1
etudiant;2016-2-9;coffee;7:13
etudiant;2016-2-9;shower_on;7:23
etudiant;2016-2-9;shower_off;7:28
etudiant;2016-2-9;toothbrush;7:30
etudiant;2016-2-10;door;10:00
etudiant;2016-2-10;light_off;9:58
etudiant;2016-2-10;clock;9:0
etudiant;2016-2-10;heater;8:30
etudiant;2016-2-10;light_on;9:1
etudiant;2016-2-10;coffee;9:9
etudiant;2016-2-10;shower_on;9:18
etudiant;2016-2-10;shower_off;9:25
etudiant;2016-2-10;toothbrush;9:27
etudiant;2016-2-11;door;11:00
etudiant;2016-2-11;light_off;10:58
etudiant;2016-2-11;clock;10:0
etudiant;2016-2-11;heater;9:30
etudiant;2016-2-11;light_on;10:1
etudiant;2016-2-11;coffee;10:8
etudiant;2016-2-11;shower_on;10:21
etudiant;2016-2-11;shower_off;10:28
etudiant;2016-2-11;toothbrush;10:30
etudiant;2016-2-12;door;8:00
etudiant;2016-2-12;light_off;7:58
etudiant;2016-2-12;clock;7:0
etudiant;2016-2-12;heater;6:30
etudiant;2016-2-12;light_on;7:1
etudiant;2016-2-12;coffee;7:8
etudiant;2016-2-12;shower_on;7:20
etudiant;2016-2-12;shower_off;7:27
etudiant;2016-2-12;toothbrush;7:29
etudiant;2016-2-13;door;10:00
etudiant;2016-2-13;light_off;9:58
etudiant;2016-2-13;tv_off;9:55
etudiant;2016-2-13;clock;8:30
etudiant;2016-2-13;heater;8:0
etudiant;2016-2-13;light_on;8:31
etudiant;2016-2-13;coffee;8:47
etudiant;2016-2-13;tv_on;8:47
etudiant;2016-2-13;shower_on;9:25
etudiant;2016-2-13;shower_off;9:36
etudiant;2016-2-13;toothbrush;9:38
etudiant;2016-2-14;door;9:00
etudiant;2016-2-14;light_off;8:58
etudiant;2016-2-14;tv_off;8:55
etudiant;2016-2-14;clock;7:30
etudiant;2016-2-14;heater;7:0
etudiant;2016-2-14;light_on;7:31
etudiant;2016-2-14;coffee;7:43
etudiant;2016-2-14;tv_on;7:43
etudiant;2016-2-14;shower_on;8:20
etudiant;2016-2-14;shower_off;8:28
etudiant;2016-2-14;toothbrush;8:30
etudiant;2016-2-15;clock;6:30
etudiant;2016-2-15;heater;6:0
etudiant;2016-2-15;light_on;9:32
etudiant;2016-2-15;coffee;9:35
etudiant;2016-2-15;door;9:38
etudiant;2016-2-16;door;8:00
etudiant;2016-2-16;light_off;7:58
etudiant;2016-2-16;clock;7:0
etudiant;2016-2-16;heater;6:30
etudiant;2016-2-16;light_on;7:1
etudiant;2016-2-16;coffee;7:10
etudiant;2016-2-16;shower_on;7:23
etudiant;2016-2-16;shower_off;7:27
etudiant;2016-2-16;toothbrush;7:29
etudiant;2016-2-17;clock;6:30
etudiant;2016-2-17;heater;6:0
etudiant;2016-2-17;light_on;11:46
etudiant;2016-2-17;coffee;11:52
etudiant;2016-2-17;door;11:55
etudiant;2016-2-18;clock;6:30
etudiant;2016-2-18;heater;6:0
etudiant;2016-2-18;light_on;12:21
etudiant;2016-2-18;coffee;12:24
etudiant;2016-2-18;door;12:27
etudiant;2016-2-19;door;8:00
etudiant;2016-2-19;light_off;7:58
etudiant;2016-2-19;clock;7:0
etudiant;2016-2-19;heater;6:30
etudiant;2016-2-19;light_on;7:1
etudiant;2016-2-19;coffee;7:13
etudiant;2016-2-19;shower_on;7:24
etudiant;2016-2-19;shower_off;7:30
etudiant;2016-2-19;toothbrush;7:32
etudiant;2016-2-20;door;9:00
etudiant;2016-2-20;light_off;8:58
etudiant;2016-2-20;tv_off;8:55
etudiant;2016-2-20;clock;7:30
etudiant;2016-2-20;heater;7:0
etudiant;2016-2-20;light_on;7:31
etudiant;2016-2-20;coffee;7:45
etudiant;2016-2-20;tv_on;7:45
etudiant;2016-2-20;shower_on;8:12
etudiant;2016-2-20;shower_off;8:22
etudiant;2016-2-20;toothbrush;8:24
etudiant;2016-2-21;door;10:00
etudiant;2016-2-21;light_off;9:58
etudiant;2016-2-21;tv_off;9:55
etudiant;2016-2-21;clock;8:30
etudiant;2016-2-21;heater;8:0
etudiant;2016-2-21;light_on;8:31
etudiant;2016-2-21;coffee;8:45
etudiant;2016-2-21;tv_on;8:45
etudiant;2016-2-21;shower_on;9:19
etudiant;2016-2-21;shower_off;9:28
etudiant;2016-2-21;toothbrush;9:30
etudiant;2016-2-22;door;8:00
etudiant;2016-2-22;light_off;7:58
etudiant;2016-2-22;clock;7:0
etudiant;2016-2-22;heater;6:30
etudiant;2016-2-22;light_on;7:1
etudiant;2016-2-22;coffee;7:10
etudiant;2016-2-22;shower_on;7:22
etudiant;2016-2-22;shower_off;7:28
etudiant;2016-2-22;toothbrush;7:30
etudiant;2016-2-23;door;8:00
etudiant;2016-2-23;light_off;7:58
etudiant;2016-2-23;clock;7:0
etudiant;2016-2-23;heater;6:30
etudiant;2016-2-23;light_on;7:1
etudiant;2016-2-23;coffee;7:8
etudiant;2016-2-23;shower_on;7:21
etudiant;2016-2-23;shower_off;7:26
etudiant;2016-2-23;toothbrush;7:28
etudiant;2016-2-24;door;10:00
etudiant;2016-2-24;light_off;9:58
etudiant;2016-2-24;clock;9:0
etudiant;2016-2-24;heater;8:30
etudiant;2016-2-24;light_on;9:1
etudiant;2016-2-24;coffee;9:9
etudiant;2016-2-24;shower_on;9:20
etudiant;2016-2-24;shower_off;9:25
etudiant;2016-2-24;toothbrush;9:27
etudiant;2016-2-25;door;11:00
etudiant;2016-2-25;light_off;10:58
etudiant;2016-2-25;clock;10:0
etudiant;2016-2-25;heater;9:30
etudiant;2016-2-25;light_on;10:1
etudiant;2016-2-25;coffee;10:11
etudiant;2016-2-25;shower_on;10:23
etudiant;2016-2-25;shower_off;10:29
etudiant;2016-2-25;toothbrush;10:31
etudiant;2016-2-26;door;8:00
etudiant;2016-2-26;light_off;7:58
etudiant;2016-2-26;clock;7:0
etudiant;2016-2-26;heater;6:30
etudiant;2016-2-26;light_on;7:1
etudiant;2016-2-26;coffee;7:8
etudiant;2016-2-26;shower_on;7:18
etudiant;2016-2-26;shower_off;7:25
etudiant;2016-2-26;toothbrush;7:27
etudiant;2016-2-27;door;9:00
etudiant;2016-2-27;light_off;8:58
etudiant;2016-2-27;tv_off;8:55
etudiant;2016-2-27;clock;7:30
etudiant;2016-2-27;heater;7:0
etudiant;2016-2-27;light_on;7:31
etudiant;2016-2-27;coffee;7:48
etudiant;2016-2-27;tv_on;7:48
etudiant;2016-2-27;shower_on;8:22
etudiant;2016-2-27;shower_off;8:32
etudiant;2016-2-27;toothbrush;8:34
etudiant;2016-2-28;clock;6:30
etudiant;2016-2-28;heater;6:0
etudiant;2016-2-28;light_on;10:19
etudiant;2016-2-28;coffee;10:23
etudiant;2016-2-28;door;10:26
etudiant;2016-2-29;door;8:00
etudiant;2016-2-29;light_off;7:58
etudiant;2016-2-29;clock;7:0
etudiant;2016-2-29;heater;6:30
etudiant;2016-2-29;light_on;7:1
etudiant;2016-2-29;coffee;7:9
etudiant;2016-2-29;shower_on;7:18
etudiant;2016-2-29;shower_off;7:25
etudiant;2016-2-29;toothbrush;7:27
etudiant;2016-3-1;door;8:00
etudiant;2016-3-1;light_off;7:58
etudiant;2016-3-1;clock;7:0
etudiant;2016-3-1;heater;6:30
etudiant;2016-3-1;light_on;7:1
etudiant;2016-3-1;coffee;7:12
etudiant;2016-3-1;shower_on;7:25
etudiant;2016-3-1;shower_off;7:32
etudiant;2016-3-1;toothbrush;7:34
etudiant;2016-3-2;door;10:00
etudiant;2016-3-2;light_off;9:58
etudiant;2016-3-2;clock;9:0
etudiant;2016-3-2;heater;8:30
etudiant;2016-3-2;light_on;9:1
etudiant;2016-3-2;coffee;9:11
etudiant;2016-3-2;shower_on;9:19
etudiant;2016-3-2;shower_off;9:23
etudiant;2016-3-2;toothbrush;9:25
etudiant;2016-3-3;clock;6:30
etudiant;2016-3-3;heater;6:0
etudiant;2016-3-3;light_on;12:14
etudiant;2016-3-3;coffee;12:17
etudiant;2016-3-3;door;12:20
etudiant;2016-3-4;clock;6:30
etudiant;2016-3-4;heater;6:0
etudiant;2016-3-4;light_on;9:47
etudiant;2016-3-4;coffee;9:52
etudiant;2016-3-4;door;9:55
etudiant;2016-3-5;door;9:00
etudiant;2016-3-5;light_off;8:58
etudiant;2016-3-5;tv_off;8:55
etudiant;2016-3-5;clock;7:30
etudiant;2016-3-5;heater;7:0
etudiant;2016-3-5;light_on;7:31
etudiant;2016-3-5;coffee;7:47
etudiant;2016-3-5;tv_on;7:47
etudiant;2016-3-5;shower_on;8:22
etudiant;2016-3-5;shower_off;8:31
etudiant;2016-3-5;toothbrush;8:33
etudiant;2016-3-6;door;9:00
etudiant;2016-3-6;light_off;8:58
etudiant;2016-3-6;tv_off;8:55
etudiant;2016-3-6;clock;7:30
etudiant;2016-3-6;heater;7:0
etudiant;2016-3-6;light_on;7:31
etudiant;2016-3-6;coffee;7:44
etudiant;2016-3-6;tv_on;7:44
etudiant;2016-3-6;shower_on;8:8
etudiant;2016-3-6;shower_off;8:17
etudiant;2016-3-6;toothbrush;8:19
etudiant;2016-3-7;door;8:00
etudiant;2016-3-7;light_off;7:58
etudiant;2016-3-7;clock;7:0
etudiant;2016-3-7;heater;6:30
etudiant;2016-3-7;light_on;7:1
etudiant;2016-3-7;coffee;7:10
etudiant;2016-3-7;shower_on;7:22
etudiant;2016-3-7;shower_off;7:27
etudiant;2016-3-7;toothbrush;7:29
etudiant;2016-3-8;door;8:00
etudiant;2016-3-8;light_off;7:58
etudiant;2016-3-8;clock;7:0
etudiant;2016-3-8;heater;6:30
etudiant;2016-3-8;light_on;7:1
etudiant;2016-3-8;coffee;7:11
etudiant;2016-3-8;shower_on;7:22
etudiant;2016-3-8;shower_off;7:29
etudiant;2016-3-8;toothbrush;7:31
etudiant;2016-3-9;door;10:00
etudiant;2016-3-9;light_off;9:58
etudiant;2016-3-9;clock;9:0
etudiant;2016-3-9;heater;8:30
etudiant;2016-3-9;light_on;9:1
etudiant;2016-3-9;coffee;9:13
etudiant;2016-3-9;shower_on;9:21
etudiant;2016-3-9;shower_off;9:26
etudiant;2016-3-9;toothbrush;9:28
etudiant;2016-3-10;door;11:00
etudiant;2016-3-10;light_off;10:58
etudiant;2016-3-10;clock;10:0
etudiant;2016-3-10;heater;9:30
etudiant;2016-3-10;light_on;10:1
etudiant;2016-3-10;coffee;10:12
etudiant;2016-3-10;shower_on;10:20
etudiant;2016-3-10;shower_off;10:27
etudiant;2016-3-10;toothbrush;10:29
etudiant;2016-3-11;door;8:00
etudiant;2016-3-11;light_off;7:58
etudiant;2016-3-11;clock;7:0
etudiant;2016-3-11;heater;6:30
etudiant;2016-3-11;light_on;7:1
etudiant;2016-3-11;coffee;7:8
etudiant;2016-3-11;shower_on;7:19
etudiant;2016-3-11;shower_off;7:25
etudiant;2016-3-11;toothbrush;7:27
etudiant;2016-3-12;door;10:00
etudiant;2016-3-12;light_off;9:58
etudiant;2016-3-12;tv_off;9:55
etudiant;2016-3-12;clock;8:30
etudiant;2016-3-12;heater;8:0
etudiant;2016-3-12;light_on;8:31
etudiant;2016-3-12;coffee;8:44
etudiant;2016-3-12;tv_on;8:44
etudiant;2016-3-12;shower_on;9:15
etudiant;2016-3-12;shower_off;9:27
etudiant;2016-3-12;toothbrush;9:29
etudiant;2016-3-13;door;10:00
etudiant;2016-3-13;light_off;9:58
etudiant;2016-3-13;tv_off;9:55
etudiant;2016-3-13;clock;8:30
etudiant;2016-3-13;heater;8:0
etudiant;2016-3-13;light_on;8:31
etudiant;2016-3-13;coffee;8:48
etudiant;2016-3-13;tv_on;8:48
etudiant;2016-3-13;shower_on;9:18
etudiant;2016-3-13;shower_off;9:31
etudiant;2016-3-13;toothbrush;9:33
etudiant;2016-3-14;door;8:00
etudiant;2016-3-14;light_off;7:58
etudiant;2016-3-14;clock;7:0
etudiant;2016-3-14;heater;6:30
etudiant;2016-3-14;light_on;7:1
etudiant;2016-3-14;coffee;7:10
etudiant;2016-3-14;shower_on;7:20
etudiant;2016-3-14;shower_off;7:25
etudiant;2016-3-14;toothbrush;7:27
etudiant;2016-3-15;door;8:00
etudiant;2016-3-15;light_off;7:58
etudiant;2016-3-15;clock;7:0
etudiant;2016-3-15;heater;6:30
etudiant;2016-3-15;light_on;7:1
etudiant;2016-3-15;coffee;7:9
etudiant;2016-3-15;shower_on;7:19
etudiant;2016-3-15;shower_off;7:26
etudiant;2016-3-15;toothbrush;7:28
etudiant;2016-3-16;door;10:00
etudiant;2016-3-16;light_off;9:58
etudiant;2016-3-16;clock;9:0
etudiant;2016-3-16;heater;8:30
etudiant;2016-3-16;light_on;9:1
etudiant;2016-3-16;coffee;9:12
etudiant;2016-3-16;shower_on;9:20
etudiant;2016-3-16;shower_off;9:25
etudiant;2016-3-16;toothbrush;9:27
etudiant;2016-3-17;door;11:00
etudiant;2016-3-17;light_off;10:58
etudiant;2016-3-17;clock;10:0
etudiant;2016-3-17;heater;9:30
etudiant;2016-3-17;light_on;10:1
etudiant;2016-3-17;coffee;10:13
etudiant;2016-3-17;shower_on;10:22
etudiant;2016-3-17;shower_off;10:29
etudiant;2016-3-17;toothbrush;10:31
etudiant;2016-3-18;door;8:00
etudiant;2016-3-18;light_off;7:58
etudiant;2016-3-18;clock;7:0
etudiant;2016-3-18;heater;6:30
etudiant;2016-3-18;light_on;7:1
etudiant;2016-3-18;coffee;7:12
etudiant;2016-3-18;shower_on;7:20
etudiant;2016-3-18;shower_off;7:26
etudiant;2016-3-18;toothbrush;7:28
etudiant;2016-3-19;door;10:00
etudiant;2016-3-19;light_off;9:58
etudiant;2016-3-19;tv_off;9:55
etudiant;2016-3-19;clock;8:30
etudiant;2016-3-19;heater;8:0
etudiant;2016-3-19;light_on;8:31
etudiant;2016-3-19;coffee;8:43
etudiant;2016-3-19;tv_on;8:43
etudiant;2016-3-19;shower_on;9:12
etudiant;2016-3-19;shower_off;9:21
etudiant;2016-3-19;toothbrush;9:23
etudiant;2016-3-20;door;10:00
etudiant;2016-3-20;light_off;9:58
etudiant;2016-3-20;tv_off;9:55
etudiant;2016-3-20;clock;8:30
etudiant;2016-3-20;heater;8:0
etudiant;2016-3-20;light_on;8:31
etudiant;2016-3-20;coffee;8:46
etudiant;2016-3-20;tv_on;8:46
etudiant;2016-3-20;shower_on;9:17
etudiant;2016-3-20;shower_off;9:25
etudiant;2016-3-20;toothbrush;9:27
etudiant;2016-3-21;door;8:00
etudiant;2016-3-21;light_off;7:58
etudiant;2016-3-21;clock;7:0
etudiant;2016-3-21;heater;6:30
etudiant;2016-3-21;light_on;7:1
etudiant;2016-3-21;coffee;7:9
etudiant;2016-3-21;shower_on;7:21
etudiant;2016-3-21;shower_off;7:25
etudiant;2016-3-21;toothbrush;7:27
etudiant;2016-3-22;door;8:00
etudiant;2016-3-22;light_off;7:58
etudiant;2016-3-22;clock;7:0
etudiant;2016-3-22;heater;6:30
etudiant;2016-3-22;light_on;7:1
etudiant;2016-3-22;coffee;7:10
etudiant;2016-3-22;shower_on;7:22
etudiant;2016-3-22;shower_off;7:27
etudiant;2016-3-22;toothbrush;7:29
etudiant;2016-3-23;door;10:00
etudiant;2016-3-23;light_off;9:58
etudiant;2016-3-23;clock;9:0
etudiant;2016-3-23;heater;8:30
etudiant;2016-3-23;light_on;9:1
etudiant;2016-3-23;coffee;9:13
etudiant;2016-3-23;shower_on;9:23
etudiant;2016-3-23;shower_off;9:29
etudiant;2016-3-23;toothbrush;9:31
etudiant;2016-3-24;door;11:00
etudiant;2016-3-24;light_off;10:58
etudiant;2016-3-24;clock;10:0
etudiant;2016-3-24;heater;9:30
etudiant;2016-3-24;light_on;10:1
etudiant;2016-3-24;coffee;10:9
etudiant;2016-3-24;shower_on;10:21
etudiant;2016-3-24;shower_off;10:28
etudiant;2016-3-24;toothbrush;10:30
etudiant;2016-3-25;door;8:00
etudiant;2016-3-25;light_off;7:58
etudiant;2016-3-25;clock;7:0
etudiant;2016-3-25;heater;6:30
etudiant;2016-3-25;light_on;7:1
etudiant;2016-3-25;coffee;7:13
etudiant;2016-3-25;shower_on;7:25
etudiant;2016-3-25;shower_off;7:32
etudiant;2016-3-25;toothbrush;7:34
etudiant;2016-3-26;door;10:00
etudiant;2016-3-26;light_off;9:58
etudiant;2016-3-26;tv_off;9:55
etudiant;2016-3-26;clock;8:30
etudiant;2016-3-26;heater;8:0
etudiant;2016-3-26;light_on;8:31
etudiant;2016-3-26;coffee;8:45
etudiant;2016-3-26;tv_on;8:45
etudiant;2016-3-26;shower_on;9:20
etudiant;2016-3-26;shower_off;9:29
etudiant;2016-3-26;toothbrush;9:31
etudiant;2016-3-27;door;9:00
etudiant;2016-3-27;light_off;8:58
etudiant;2016-3-27;tv_off;8:55
etudiant;2016-3-27;clock;7:30
etudiant;2016-3-27;heater;7:0
etudiant;2016-3-27;light_on;7:31
etudiant;2016-3-27;coffee;7:43
etudiant;2016-3-27;tv_on;7:43
etudiant;2016-3-27;shower_on;8:16
etudiant;2016-3-27;shower_off;8:27
etudiant;2016-3-27;toothbrush;8:29
etudiant;2016-3-28;door;9:00
etudiant;2016-3-28;light_off;8:58
etudiant;2016-3-28;tv_off;8:55
etudiant;2016-3-28;clock;7:30
etudiant;2016-3-28;heater;7:0
etudiant;2016-3-28;light_on;7:31
etudiant;2016-3-28;coffee;7:47
etudiant;2016-3-28;tv_on;7:47
etudiant;2016-3-28;shower_on;8:25
etudiant;2016-3-28;shower_off;8:38
etudiant;2016-3-28;toothbrush;8:40
etudiant;2016-3-29;door;8:00
etudiant;2016-3-29;light_off;7:58
etudiant;2016-3-29;clock;7:0
etudiant;2016-3-29;heater;6:30
etudiant;2016-3-29;light_on;7:1
etudiant;2016-3-29;coffee;7:9
etudiant;2016-3-29;shower_on;7:21
etudiant;2016-3-29;shower_off;7:26
etudiant;2016-3-29;toothbrush;7:28
etudiant;2016-3-30;door;10:00
etudiant;2016-3-30;light_off;9:58
etudiant;2016-3-30;clock;9:0
etudiant;2016-3-30;heater;8:30
etudiant;2016-3-30;light_on;9:1
etudiant;2016-3-30;coffee;9:8
etudiant;2016-3-30;shower_on;9:21
etudiant;2016-3-30;shower_off;9:28
etudiant;2016-3-30;toothbrush;9:30
etudiant;2016-3-31;door;11:00
etudiant;2016-3-31;light_off;10:58
etudiant;2016-3-31;clock;10:0
etudiant;2016-3-31;heater;9:30
etudiant;2016-3-31;light_on;10:1
etudiant;2016-3-31;coffee;10:10
etudiant;2016-3-31;shower_on;10:21
etudiant;2016-3-31;shower_off;10:27
etudiant;2016-3-31;toothbrush;10:29
etudiant;2016-4-1;door;8:00
etudiant;2016-4-1;light_off;7:58
etudiant;2016-4-1;clock;7:0
etudiant;2016-4-1;heater;6:30
etudiant;2016-4-1;light_on;7:1
etudiant;2016-4-1;coffee;7:10
etudiant;2016-4-1;shower_on;7:20
etudiant;2016-4-1;shower_off;7:27
etudiant;2016-4-1;toothbrush;7:29
etudiant;2016-4-2;door;10:00
etudiant;2016-4-2;light_off;9:58
etudiant;2016-4-2;tv_off;9:55
etudiant;2016-4-2;clock;8:30
etudiant;2016-4-2;heater;8:0
etudiant;2016-4-2;light_on;8:31
etudiant;2016-4-2;coffee;8:48
etudiant;2016-4-2;tv_on;8:48
etudiant;2016-4-2;shower_on;9:10
etudiant;2016-4-2;shower_off;9:21
etudiant;2016-4-2;toothbrush;9:23
etudiant;2016-4-3;door;9:00
etudiant;2016-4-3;light_off;8:58
etudiant;2016-4-3;tv_off;8:55
etudiant;2016-4-3;clock;7:30
etudiant;2016-4-3;heater;7:0
etudiant;2016-4-3;light_on;7:31
etudiant;2016-4-3;coffee;7:47
etudiant;2016-4-3;tv_on;7:47
etudiant;2016-4-3;shower_on;8:19
etudiant;2016-4-3;shower_off;8:27
etudiant;2016-4-3;toothbrush;8:29
etudiant;2016-4-4;clock;6:30
etudiant;2016-4-4;heater;6:0
etudiant;2016-4-4;light_on;9:35
etudiant;2016-4-4;coffee;9:39
etudiant;2016-4-4;door;9:42
etudiant;2016-4-5;door;8:00
etudiant;2016-4-5;light_off;7:58
etudiant;2016-4-5;clock;7:0
etudiant;2016-4-5;heater;6:30
etudiant;2016-4-5;light_on;7:1
etudiant;2016-4-5;coffee;7:11
etudiant;2016-4-5;shower_on;7:19
etudiant;2016-4-5;shower_off;7:24
etudiant;2016-4-5;toothbrush;7:26
etudiant;2016-4-6;door;10:00
etudiant;2016-4-6;light_off;9:58
etudiant;2016-4-6;clock;9:0
etudiant;2016-4-6;heater;8:30
etudiant;2016-4-6;light_on;9:1
etudiant;2016-4-6;coffee;9:8
etudiant;2016-4-6;shower_on;9:20
etudiant;2016-4-6;shower_off;9:27
etudiant;2016-4-6;toothbrush;9:29
etudiant;2016-4-7;door;11:00
etudiant;2016-4-7;light_off;10:58
etudiant;2016-4-7;clock;10:0
etudiant;2016-4-7;heater;9:30
etudiant;2016-4-7;light_on;10:1
etudiant;2016-4-7;coffee;10:12
etudiant;2016-4-7;shower_on;10:24
etudiant;2016-4-7;shower_off;10:31
etudiant;2016-4-7;toothbrush;10:33
etudiant;2016-4-8;door;8:00
etudiant;2016-4-8;light_off;7:58
etudiant;2016-4-8;clock;7:0
etudiant;2016-4-8;heater;6:30
etudiant;2016-4-8;light_on;7:1
etudiant;2016-4-8;coffee;7:8
etudiant;2016-4-8;shower_on;7:19
etudiant;2016-4-8;shower_off;7:26
etudiant;2016-4-8;toothbrush;7:28
etudiant;2016-4-9;door;10:00
etudiant;2016-4-9;light_off;9:58
etudiant;2016-4-9;tv_off;9:55
etudiant;2016-4-9;clock;8:30
etudiant;2016-4-9;heater;8:0
etudiant;2016-4-9;light_on;8:31
etudiant;2016-4-9;coffee;8:44
etudiant;2016-4-9;tv_on;8:44
etudiant;2016-4-9;shower_on;9:17
etudiant;2016-4-9;shower_off;9:29
etudiant;2016-4-9;toothbrush;9:31
etudiant;2016-4-10;door;10:00
etudiant;2016-4-10;light_off;9:58
etudiant;2016-4-10;tv_off;9:55
etudiant;2016-4-10;clock;8:30
etudiant;2016-4-10;heater;8:0
etudiant;2016-4-10;light_on;8:31
etudiant;2016-4-10;coffee;8:43
etudiant;2016-4-10;tv_on;8:43
etudiant;2016-4-10;shower_on;9:8
etudiant;2016-4-10;shower_off;9:16
etudiant;2016-4-10;toothbrush;9:18
etudiant;2016-4-11;door;8:00
etudiant;2016-4-11;light_off;7:58
etudiant;2016-4-11;clock;7:0
etudiant;2016-4-11;heater;6:30
etudiant;2016-4-11;light_on;7:1
etudiant;2016-4-11;coffee;7:13
etudiant;2016-4-11;shower_on;7:23
etudiant;2016-4-11;shower_off;7:30
etudiant;2016-4-11;toothbrush;7:32
etudiant;2016-4-12;door;8:00
etudiant;2016-4-12;light_off;7:58
etudiant;2016-4-12;clock;7:0
etudiant;2016-4-12;heater;6:30
etudiant;2016-4-12;light_on;7:1
etudiant;2016-4-12;coffee;7:11
etudiant;2016-4-12;shower_on;7:19
etudiant;2016-4-12;shower_off;7:25
etudiant;2016-4-12;toothbrush;7:27
etudiant;2016-4-13;clock;6:30
etudiant;2016-4-13;heater;6:0
etudiant;2016-4-13;light_on;11:23
etudiant;2016-4-13;coffee;11:29
etudiant;2016-4-13;door;11:32
etudiant;2016-4-14;door;11:00
etudiant;2016-4-14;light_off;10:58
etudiant;2016-4-14;clock;10:0
etudiant;2016-4-14;heater;9:30
etudiant;2016-4-14;light_on;10:1
etudiant;2016-4-14;coffee;10:13
etudiant;2016-4-14;shower_on;10:26
etudiant;2016-4-14;shower_off;10:30
etudiant;2016-4-14;toothbrush;10:32
etudiant;2016-4-15;door;8:00
etudiant;2016-4-15;light_off;7:58
etudiant;2016-4-15;clock;7:0
etudiant;2016-4-15;heater;6:30
etudiant;2016-4-15;light_on;7:1
etudiant;2016-4-15;coffee;7:10
etudiant;2016-4-15;shower_on;7:20
etudiant;2016-4-15;shower_off;7:24
etudiant;2016-4-15;toothbrush;7:26
etudiant;2016-4-16;door;9:00
etudiant;2016-4-16;light_off;8:58
etudiant;2016-4-16;tv_off;8:55
etudiant;2016-4-16;clock;7:30
etudiant;2016-4-16;heater;7:0
etudiant;2016-4-16;light_on;7:31
etudiant;2016-4-16;coffee;7:43
etudiant;2016-4-16;tv_on;7:43
etudiant;2016-4-16;shower_on;8:16
etudiant;2016-4-16;shower_off;8:27
etudiant;2016-4-16;toothbrush;8:29
etudiant;2016-4-17;door;9:00
etudiant;2016-4-17;light_off;8:58
etudiant;2016-4-17;tv_off;8:55
etudiant;2016-4-17;clock;7:30
etudiant;2016-4-17;heater;7:0
etudiant;2016-4-17;light_on;7:31
etudiant;2016-4-17;coffee;7:43
etudiant;2016-4-17;tv_on;7:43
etudiant;2016-4-17;shower_on;8:12
etudiant;2016-4-17;shower_off;8:21
etudiant;2016-4-17;toothbrush;8:23
etudiant;2016-4-18;clock;6:30
etudiant;2016-4-18;heater;6:0
etudiant;2016-4-18;light_on;9:19
etudiant;2016-4-18;coffee;9:23
etudiant;2016-4-18;door;9:26
etudiant;2016-4-19;door;8:00
etudiant;2016-4-19;light_off;7:58
etudiant;2016-4-19;clock;7:0
etudiant;2016-4-19;heater;6:30
etudiant;2016-4-19;light_on;7:1
etudiant;2016-4-19;coffee;7:10
etudiant;2016-4-19;shower_on;7:18
etudiant;2016-4-19;shower_off;7:25
etudiant;2016-4-19;toothbrush;7:27
etudiant;2016-4-20;door;10:00
etudiant;2016-4-20;light_off;9:58
etudiant;2016-4-20;clock;9:0
etudiant;2016-4-20;heater;8:30
etudiant;2016-4-20;light_on;9:1
etudiant;2016-4-20;coffee;9:12
etudiant;2016-4-20;shower_on;9:23
etudiant;2016-4-20;shower_off;9:30
etudiant;2016-4-20;toothbrush;9:32
etudiant;2016-4-21;clock;6:30
etudiant;2016-4-21;heater;6:0
etudiant;2016-4-21;light_on;12:51
etudiant;2016-4-21;coffee;12:56
etudiant;2016-4-21;door;12:59
etudiant;2016-4-22;door;8:00
etudiant;2016-4-22;light_off;7:58
etudiant;2016-4-22;clock;7:0
etudiant;2016-4-22;heater;6:30
etudiant;2016-4-22;light_on;7:1
etudiant;2016-4-22;coffee;7:9
etudiant;2016-4-22;shower_on;7:19
etudiant;2016-4-22;shower_off;7:24
etudiant;2016-4-22;toothbrush;7:26
etudiant;2016-4-23;clock;6:30
etudiant;2016-4-23;heater;6:0
etudiant;2016-4-23;light_on;11:8
etudiant;2016-4-23;coffee;11:12
etudiant;2016-4-23;door;11:15
etudiant;2016-4-24;door;10:00
etudiant;2016-4-24;light_off;9:58
etudiant;2016-4-24;tv_off;9:55
etudiant;2016-4-24;clock;8:30
etudiant;2016-4-24;heater;8:0
etudiant;2016-4-24;light_on;8:31
etudiant;2016-4-24;coffee;8:46
etudiant;2016-4-24;tv_on;8:46
etudiant;2016-4-24;shower_on;9:14
etudiant;2016-4-24;shower_off;9:24
etudiant;2016-4-24;toothbrush;9:26
etudiant;2016-4-25;clock;6:30
etudiant;2016-4-25;heater;6:0
etudiant;2016-4-25;light_on;9:35
etudiant;2016-4-25;coffee;9:41
etudiant;2016-4-25;door;9:44
etudiant;2016-4-26;door;8:00
etudiant;2016-4-26;light_off;7:58
etudiant;2016-4-26;clock;7:0
etudiant;2016-4-26;heater;6:30
etudiant;2016-4-26;light_on;7:1
etudiant;2016-4-26;coffee;7:9
etudiant;2016-4-26;shower_on;7:18
etudiant;2016-4-26;shower_off;7:24
etudiant;2016-4-26;toothbrush;7:26
etudiant;2016-4-27;door;10:00
etudiant;2016-4-27;light_off;9:58
etudiant;2016-4-27;clock;9:0
etudiant;2016-4-27;heater;8:30
etudiant;2016-4-27;light_on;9:1
etudiant;2016-4-27;coffee;9:11
etudiant;2016-4-27;shower_on;9:20
etudiant;2016-4-27;shower_off;9:25
etudiant;2016-4-27;toothbrush;9:27
etudiant;2016-4-28;door;11:00
etudiant;2016-4-28;light_off;10:58
etudiant;2016-4-28;clock;10:0
etudiant;2016-4-28;heater;9:30
etudiant;2016-4-28;light_on;10:1
etudiant;2016-4-28;coffee;10:13
etudiant;2016-4-28;shower_on;10:25
etudiant;2016-4-28;shower_off;10:32
etudiant;2016-4-28;toothbrush;10:34
etudiant;2016-4-29;door;8:00
etudiant;2016-4-29;light_off;7:58
etudiant;2016-4-29;clock;7:0
etudiant;2016-4-29;heater;6:30
etudiant;2016-4-29;light_on;7:1
etudiant;2016-4-29;coffee;7:9
etudiant;2016-4-29;shower_on;7:17
etudiant;2016-4-29;shower_off;7:24
etudiant;2016-4-29;toothbrush;7:26
etudiant;2016-4-30;door;9:00
etudiant;2016-4-30;light_off;8:58
etudiant;2016-4-30;tv_off;8:55
etudiant;2016-4-30;clock;7:30
etudiant;2016-4-30;heater;7:0
etudiant;2016-4-30;light_on;7:31
etudiant;2016-4-30;coffee;7:43
etudiant;2016-4-30;tv_on;7:43
etudiant;2016-4-30;shower_on;8:10
etudiant;2016-4-30;shower_off;8:22
etudiant;2016-4-30;toothbrush;8:24
etudiant;2016-5-1;door;10:00
etudiant;2016-5-1;light_off;9:58
etudiant;2016-5-1;tv_off;9:55
etudiant;2016-5-1;clock;8:30
etudiant;2016-5-1;heater;8:0
etudiant;2016-5-1;light_on;8:31
etudiant;2016-5-1;coffee;8:46
etudiant;2016-5-1;tv_on;8:46
etudiant;2016-5-1;shower_on;9:26
etudiant;2016-5-1;shower_off;9:34
etudiant;2016-5-1;toothbrush;9:36
etudiant;2016-5-2;door;8:00
etudiant;2016-5-2;light_off;7:58
etudiant;2016-5-2;clock;7:0
etudiant;2016-5-2;heater;6:30
etudiant;2016-5-2;light_on;7:1
etudiant;2016-5-2;coffee;7:8
etudiant;2016-5-2;shower_on;7:17
etudiant;2016-5-2;shower_off;7:21
etudiant;2016-5-2;toothbrush;7:23
etudiant;2016-5-3;door;8:00
etudiant;2016-5-3;light_off;7:58
etudiant;2016-5-3;clock;7:0
etudiant;2016-5-3;heater;6:30
etudiant;2016-5-3;light_on;7:1
etudiant;2016-5-3;coffee;7:8
etudiant;2016-5-3;shower_on;7:17
etudiant;2016-5-3;shower_off;7:21
etudiant;2016-5-3;toothbrush;7:23
etudiant;2016-5-4;door;10:00
etudiant;2016-5-4;light_off;9:58
etudiant;2016-5-4;clock;9:0
etudiant;2016-5-4;heater;8:30
etudiant;2016-5-4;light_on;9:1
etudiant;2016-5-4;coffee;9:10
etudiant;2016-5-4;shower_on;9:20
etudiant;2016-5-4;shower_off;9:27
etudiant;2016-5-4;toothbrush;9:29
etudiant;2016-5-5;door;10:00
etudiant;2016-5-5;light_off;9:58
etudiant;2016-5-5;tv_off;9:55
etudiant;2016-5-5;clock;8:30
etudiant;2016-5-5;heater;8:0
etudiant;2016-5-5;light_on;8:31
etudiant;2016-5-5;coffee;8:47
etudiant;2016-5-5;tv_on;8:47
etudiant;2016-5-5;shower_on;9:16
etudiant;2016-5-5;shower_off;9:28
etudiant;2016-5-5;toothbrush;9:30
etudiant;2016-5-6;door;8:00
etudiant;2016-5-6;light_off;7:58
etudiant;2016-5-6;clock;7:0
etudiant;2016-5-6;heater;6:30
etudiant;2016-5-6;light_on;7:1
etudiant;2016-5-6;coffee;7:8
etudiant;2016-5-6;shower_on;7:21
etudiant;2016-5-6;shower_off;7:28
etudiant;2016-5-6;toothbrush;7:30
etudiant;2016-5-7;door;10:00
etudiant;2016-5-7;light_off;9:58
etudiant;2016-5-7;tv_off;9:55
etudiant;2016-5-7;clock;8:30
etudiant;2016-5-7;heater;8:0
etudiant;2016-5-7;light_on;8:31
etudiant;2016-5-7;coffee;8:46
etudiant;2016-5-7;tv_on;8:46
etudiant;2016-5-7;shower_on;9:7
etudiant;2016-5-7;shower_off;9:20
etudiant;2016-5-7;toothbrush;9:22
etudiant;2016-5-8;door;10:00
etudiant;2016-5-8;light_off;9:58
etudiant;2016-5-8;tv_off;9:55
etudiant;2016-5-8;clock;8:30
etudiant;2016-5-8;heater;8:0
etudiant;2016-5-8;light_on;8:31
etudiant;2016-5-8;coffee;8:45
etudiant;2016-5-8;tv_on;8:45
etudiant;2016-5-8;shower_on;9:25
etudiant;2016-5-8;shower_off;9:35
etudiant;2016-5-8;toothbrush;9:37
etudiant;2016-5-9;door;8:00
etudiant;2016-5-9;light_off;7:58
etudiant;2016-5-9;clock;7:0
etudiant;2016-5-9;heater;6:30
etudiant;2016-5-9;light_on;7:1
etudiant;2016-5-9;coffee;7:11
etudiant;2016-5-9;shower_on;7:19
etudiant;2016-5-9;shower_off;7:25
etudiant;2016-5-9;toothbrush;7:27
etudiant;2016-5-10;door;8:00
etudiant;2016-5-10;light_off;7:58
etudiant;2016-5-10;clock;7:0
etudiant;2016-5-10;heater;6:30
etudiant;2016-5-10;light_on;7:1
etudiant;2016-5-10;coffee;7:13
etudiant;2016-5-10;shower_on;7:26
etudiant;2016-5-10;shower_off;7:32
etudiant;2016-5-10;toothbrush;7:34
etudiant;2016-5-11;door;10:00
etudiant;2016-5-11;light_off;9:58
etudiant;2016-5-11;clock;9:0
etudiant;2016-5-11;heater;8:30
etudiant;2016-5-11;light_on;9:1
etudiant;2016-5-11;coffee;9:8
etudiant;2016-5-11;shower_on;9:20
etudiant;2016-5-11;shower_off;9:27
etudiant;2016-5-11;toothbrush;9:29
etudiant;2016-5-12;door;11:00
etudiant;2016-5-12;light_off;10:58
etudiant;2016-5-12;clock;10:0
etudiant;2016-5-12;heater;9:30
etudiant;2016-5-12;light_on;10:1
etudiant;2016-5-12;coffee;10:11
etudiant;2016-5-12;shower_on;10:19
etudiant;2016-5-12;shower_off;10:26
etudiant;2016-5-12;toothbrush;10:28
etudiant;2016-5-13;door;8:00
etudiant;2016-5-13;light_off;7:58
etudiant;2016-5-13;clock;7:0
etudiant;2016-5-13;heater;6:30
etudiant;2016-5-13;light_on;7:1
etudiant;2016-5-13;coffee;7:11
etudiant;2016-5-13;shower_on;7:21
etudiant;2016-5-13;shower_off;7:25
etudiant;2016-5-13;toothbrush;7:27
etudiant;2016-5-14;door;10:00
etudiant;2016-5-14;light_off;9:58
etudiant;2016-5-14;tv_off;9:55
etudiant;2016-5-14;clock;8:30
etudiant;2016-5-14;heater;8:0
etudiant;2016-5-14;light_on;8:31
etudiant;2016-5-14;coffee;8:44
etudiant;2016-5-14;tv_on;8:44
etudiant;2016-5-14;shower_on;9:19
etudiant;2016-5-14;shower_off;9:31
etudiant;2016-5-14;toothbrush;9:33
etudiant;2016-5-15;door;9:00
etudiant;2016-5-15;light_off;8:58
etudiant;2016-5-15;tv_off;8:55
etudiant;2016-5-15;clock;7:30
etudiant;2016-5-15;heater;7:0
etudiant;2016-5-15;light_on;7:31
etudiant;2016-5-15;coffee;7:45
etudiant;2016-5-15;tv_on;7:45
etudiant;2016-5-15;shower_on;8:11
etudiant;2016-5-15;shower_off;8:20
etudiant;2016-5-15;toothbrush;8:22
etudiant;2016-5-16;door;10:00
etudiant;2016-5-16;light_off;9:58
etudiant;2016-5-16;tv_off;9:55
etudiant;2016-5-16;clock;8:30
etudiant;2016-5-16;heater;8:0
etudiant;2016-5-16;light_on;8:31
etudiant;2016-5-16;coffee;8:47
etudiant;2016-5-16;tv_on;8:47
etudiant;2016-5-16;shower_on;9:21
etudiant;2016-5-16;shower_off;9:34
etudiant;2016-5-16;toothbrush;9:36
etudiant;2016-5-17;door;8:00
etudiant;2016-5-17;light_off;7:58
etudiant;2016-5-17;clock;7:0
etudiant;2016-5-17;heater;6:30
etudiant;2016-5-17;light_on;7:1
etudiant;2016-5-17;coffee;7:10
etudiant;2016-5-17;shower_on;7:20
etudiant;2016-5-17;shower_off;7:27
etudiant;2016-5-17;toothbrush;7:29
etudiant;2016-5-18;clock;6:30
etudiant;2016-5-18;heater;6:0
etudiant;2016-5-18;light_on;11:36
etudiant;2016-5-18;coffee;11:41
etudiant;2016-5-18;door;11:44
etudiant;2016-5-19;door;11:00
etudiant;2016-5-19;light_off;10:58
etudiant;2016-5-19;clock;10:0
etudiant;2016-5-19;heater;9:30
etudiant;2016-5-19;light_on;10:1
etudiant;2016-5-19;coffee;10:9
etudiant;2016-5-19;shower_on;10:21
etudiant;2016-5-19;shower_off;10:26
etudiant;2016-5-19;toothbrush;10:28
etudiant;2016-5-20;door;8:00
etudiant;2016-5-20;light_off;7:58
etudiant;2016-5-20;clock;7:0
etudiant;2016-5-20;heater;6:30
etudiant;2016-5-20;light_on;7:1
etudiant;2016-5-20;coffee;7:8
etudiant;2016-5-20;shower_on;7:20
etudiant;2016-5-20;shower_off;7:25
etudiant;2016-5-20;toothbrush;7:27
etudiant;2016-5-21;door;10:00
etudiant;2016-5-21;light_off;9:58
etudiant;2016-5-21;tv_off;9:55
etudiant;2016-5-21;clock;8:30
etudiant;2016-5-21;heater;8:0
etudiant;2016-5-21;light_on;8:31
etudiant;2016-5-21;coffee;8:48
etudiant;2016-5-21;tv_on;8:48
etudiant;2016-5-21;shower_on;9:23
etudiant;2016-5-21;shower_off;9:34
etudiant;2016-5-21;toothbrush;9:36
etudiant;2016-5-22;door;10:00
etudiant;2016-5-22;light_off;9:58
etudiant;2016-5-22;tv_off;9:55
etudiant;2016-5-22;clock;8:30
etudiant;2016-5-22;heater;8:0
etudiant;2016-5-22;light_on;8:31
etudiant;2016-5-22;coffee;8:43
etudiant;2016-5-22;tv_on;8:43
etudiant;2016-5-22;shower_on;9:4
etudiant;2016-5-22;shower_off;9:12
etudiant;2016-5-22;toothbrush;9:14
etudiant;2016-5-23;door;8:00
etudiant;2016-5-23;light_off;7:58
etudiant;2016-5-23;clock;7:0
etudiant;2016-5-23;heater;6:30
etudiant;2016-5-23;light_on;7:1
etudiant;2016-5-23;coffee;7:9
etudiant;2016-5-23;shower_on;7:20
etudiant;2016-5-23;shower_off;7:24
etudiant;2016-5-23;toothbrush;7:26
etudiant;2016-5-24;door;8:00
etudiant;2016-5-24;light_off;7:58
etudiant;2016-5-24;clock;7:0
etudiant;2016-5-24;heater;6:30
etudiant;2016-5-24;light_on;7:1
etudiant;2016-5-24;coffee;7:11
etudiant;2016-5-24;shower_on;7:22
etudiant;2016-5-24;shower_off;7:27
etudiant;2016-5-24;toothbrush;7:29
etudiant;2016-5-25;door;10:00
etudiant;2016-5-25;light_off;9:58
etudiant;2016-5-25;clock;9:0
etudiant;2016-5-25;heater;8:30
etudiant;2016-5-25;light_on;9:1
etudiant;2016-5-25;coffee;9:13
etudiant;2016-5-25;shower_on;9:23
etudiant;2016-5-25;shower_off;9:28
etudiant;2016-5-25;toothbrush;9:30
etudiant;2016-5-26;door;11:00
etudiant;2016-5-26;light_off;10:58
etudiant;2016-5-26;clock;10:0
etudiant;2016-5-26;heater;9:30
etudiant;2016-5-26;light_on;10:1
etudiant;2016-5-26;coffee;10:9
etudiant;2016-5-26;shower_on;10:18
etudiant;2016-5-26;shower_off;10:25
etudiant;2016-5-26;toothbrush;10:27
etudiant;2016-5-27;clock;6:30
etudiant;2016-5-27;heater;6:0
etudiant;2016-5-27;light_on;9:35
etudiant;2016-5-27;coffee;9:38
etudiant;2016-5-27;door;9:41
etudiant;2016-5-28;door;9:00
etudiant;2016-5-28;light_off;8:58
etudiant;2016-5-28;tv_off;8:55
etudiant;2016-5-28;clock;7:30
etudiant;2016-5-28;heater;7:0
etudiant;2016-5-28;light_on;7:31
etudiant;2016-5-28;coffee;7:46
etudiant;2016-5-28;tv_on;7:46
etudiant;2016-5-28;shower_on;8:10
etudiant;2016-5-28;shower_off;8:22
etudiant;2016-5-28;toothbrush;8:24
etudiant;2016-5-29;door;9:00
etudiant;2016-5-29;light_off;8:58
etudiant;2016-5-29;tv_off;8:55
etudiant;2016-5-29;clock;7:30
etudiant;2016-5-29;heater;7:0
etudiant;2016-5-29;light_on;7:31
etudiant;2016-5-29;coffee;7:45
etudiant;2016-5-29;tv_on;7:45
etudiant;2016-5-29;shower_on;8:11
etudiant;2016-5-29;shower_off;8:20
etudiant;2016-5-29;toothbrush;8:22
etudiant;2016-5-30;door;8:00
etudiant;2016-5-30;light_off;7:58
etudiant;2016-5-30;clock;7:0
etudiant;2016-5-30;heater;6:30
etudiant;2016-5-30;light_on;7:1
etudiant;2016-5-30;coffee;7:12
etudiant;2016-5-30;shower_on;7:23
etudiant;2016-5-30;shower_off;7:27
etudiant;2016-5-30;toothbrush;7:29
etudiant;2016-5-31;door;8:00
etudiant;2016-5-31;light_off;7:58
etudiant;2016-5-31;clock;7:0
etudiant;2016-5-31;heater;6:30
etudiant;2016-5-31;light_on;7:1
etudiant;2016-5-31;coffee;7:9
etudiant;2016-5-31;shower_on;7:17
etudiant;2016-5-31;shower_off;7:23
etudiant;2016-5-31;toothbrush;7:25
etudiant;2016-6-1;door;10:00
etudiant;2016-6-1;light_off;9:58
etudiant;2016-6-1;clock;9:0
etudiant;2016-6-1;heater;8:30
etudiant;2016-6-1;light_on;9:1
etudiant;2016-6-1;coffee;9:13
etudiant;2016-6-1;shower_on;9:25
etudiant;2016-6-1;shower_off;9:30
etudiant;2016-6-1;toothbrush;9:32
etudiant;2016-6-2;door;11:00
etudiant;2016-6-2;light_off;10:58
etudiant;2016-6-2;clock;10:0
etudiant;2016-6-2;heater;9:30
etudiant;2016-6-2;light_on;10:1
etudiant;2016-6-2;coffee;10:12
etudiant;2016-6-2;shower_on;10:22
etudiant;2016-6-2;shower_off;10:26
etudiant;2016-6-2;toothbrush;10:28
etudiant;2016-6-3;door;8:00
etudiant;2016-6-3;light_off;7:58
etudiant;2016-6-3;clock;7:0
etudiant;2016-6-3;heater;6:30
etudiant;2016-6-3;light_on;7:1
etudiant;2016-6-3;coffee;7:12
etudiant;2016-6-3;shower_on;7:25
etudiant;2016-6-3;shower_off;7:29
etudiant;2016-6-3;toothbrush;7:31
etudiant;2016-6-4;door;9:00
etudiant;2016-6-4;light_off;8:58
etudiant;2016-6-4;tv_off;8:55
etudiant;2016-6-4;clock;7:30
etudiant;2016-6-4;heater;7:0
etudiant;2016-6-4;light_on;7:31
etudiant;2016-6-4;coffee;7:43
etudiant;2016-6-4;tv_on;7:43
etudiant;2016-6-4;shower_on;8:13
etudiant;2016-6-4;shower_off;8:23
etudiant;2016-6-4;toothbrush;8:25
etudiant;2016-6-5;door;10:00
etudiant;2016-6-5;light_off;9:58
etudiant;2016-6-5;tv_off;9:55
etudiant;2016-6-5;clock;8:30
etudiant;2016-6-5;heater;8:0
etudiant;2016-6-5;light_on;8:31
etudiant;2016-6-5;coffee;8:43
etudiant;2016-6-5;tv_on;8:43
etudiant;2016-6-5;shower_on;9:14
etudiant;2016-6-5;shower_off;9:25
etudiant;2016-6-5;toothbrush;9:27
etudiant;2016-6-6;door;8:00
etudiant;2016-6-6;light_off;7:58
etudiant;2016-6-6;clock;7:0
etudiant;2016-6-6;heater;6:30
etudiant;2016-6-6;light_on;7:1
etudiant;2016-6-6;coffee;7:10
etudiant;2016-6-6;shower_on;7:21
etudiant;2016-6-6;shower_off;7:26
etudiant;2016-6-6;toothbrush;7:28
etudiant;2016-6-7;door;8:00
etudiant;2016-6-7;light_off;7:58
etudiant;2016-6-7;clock;7:0
etudiant;2016-6-7;heater;6:30
etudiant;2016-6-7;light_on;7:1
etudiant;2016-6-7;coffee;7:12
etudiant;2016-6-7;shower_on;7:24
etudiant;2016-6-7;shower_off;7:28
etudiant;2016-6-7;toothbrush;7:30
etudiant;2016-6-8;door;10:00
etudiant;2016-6-8;light_off;9:58
etudiant;2016-6-8;clock;9:0
etudiant;2016-6-8;heater;8:30
etudiant;2016-6-8;light_on;9:1
etudiant;2016-6-8;coffee;9:12
etudiant;2016-6-8;shower_on;9:20
etudiant;2016-6-8;shower_off;9:26
etudiant;2016-6-8;toothbrush;9:28
etudiant;2016-6-9;door;11:00
etudiant;2016-6-9;light_off;10:58
etudiant;2016-6-9;clock;10:0
etudiant;2016-6-9;heater;9:30
etudiant;2016-6-9;light_on;10:1
etudiant;2016-6-9;coffee;10:10
etudiant;2016-6-9;shower_on;10:23
etudiant;2016-6-9;shower_off;10:27
etudiant;2016-6-9;toothbrush;10:29
etudiant;2016-6-10;door;8:00
etudiant;2016-6-10;light_off;7:58
etudiant;2016-6-10;clock;7:0
etudiant;2016-6-10;heater;6:30
etudiant;2016-6-10;light_on;7:1
etudiant;2016-6-10;coffee;7:12
etudiant;2016-6-10;shower_on;7:23
etudiant;2016-6-10;shower_off;7:27
etudiant;2016-6-10;toothbrush;7:29
etudiant;2016-6-11;door;9:00
etudiant;2016-6-11;light_off;8:58
etudiant;2016-6-11;tv_off;8:55
etudiant;2016-6-11;clock;7:30
etudiant;2016-6-11;heater;7:0
etudiant;2016-6-11;light_on;7:31
etudiant;2016-6-11;coffee;7:45
etudiant;2016-6-11;tv_on;7:45
etudiant;2016-6-11;shower_on;8:6
etudiant;2016-6-11;shower_off;8:19
etudiant;2016-6-11;toothbrush;8:21
etudiant;2016-6-12;door;9:00
etudiant;2016-6-12;light_off;8:58
etudiant;2016-6-12;tv_off;8:55
etudiant;2016-6-12;clock;7:30
etudiant;2016-6-12;heater;7:0
etudiant;2016-6-12;light_on;7:31
etudiant;2016-6-12;coffee;7:46
etudiant;2016-6-12;tv_on;7:46
etudiant;2016-6-12;shower_on;8:9
etudiant;2016-6-12;shower_off;8:17
etudiant;2016-6-12;toothbrush;8:19
etudiant;2016-6-13;door;8:00
etudiant;2016-6-13;light_off;7:58
etudiant;2016-6-13;clock;7:0
etudiant;2016-6-13;heater;6:30
etudiant;2016-6-13;light_on;7:1
etudiant;2016-6-13;coffee;7:13
etudiant;2016-6-13;shower_on;7:25
etudiant;2016-6-13;shower_off;7:30
etudiant;2016-6-13;toothbrush;7:32
etudiant;2016-6-14;door;8:00
etudiant;2016-6-14;light_off;7:58
etudiant;2016-6-14;clock;7:0
etudiant;2016-6-14;heater;6:30
etudiant;2016-6-14;light_on;7:1
etudiant;2016-6-14;coffee;7:11
etudiant;2016-6-14;shower_on;7:24
etudiant;2016-6-14;shower_off;7:31
etudiant;2016-6-14;toothbrush;7:33
etudiant;2016-6-15;door;10:00
etudiant;2016-6-15;light_off;9:58
etudiant;2016-6-15;clock;9:0
etudiant;2016-6-15;heater;8:30
etudiant;2016-6-15;light_on;9:1
etudiant;2016-6-15;coffee;9:13
etudiant;2016-6-15;shower_on;9:23
etudiant;2016-6-15;shower_off;9:29
etudiant;2016-6-15;toothbrush;9:31
etudiant;2016-6-16;door;11:00
etudiant;2016-6-16;light_off;10:58
etudiant;2016-6-16;clock;10:0
etudiant;2016-6-16;heater;9:30
etudiant;2016-6-16;light_on;10:1
etudiant;2016-6-16;coffee;10:11
etudiant;2016-6-16;shower_on;10:19
etudiant;2016-6-16;shower_off;10:25
etudiant;2016-6-16;toothbrush;10:27
etudiant;2016-6-17;door;8:00
etudiant;2016-6-17;light_off;7:58
etudiant;2016-6-17;clock;7:0
etudiant;2016-6-17;heater;6:30
etudiant;2016-6-17;light_on;7:1
etudiant;2016-6-17;coffee;7:10
etudiant;2016-6-17;shower_on;7:18
etudiant;2016-6-17;shower_off;7:23
etudiant;2016-6-17;toothbrush;7:25
etudiant;2016-6-18;clock;6:30
etudiant;2016-6-18;heater;6:0
etudiant;2016-6-18;light_on;11:38
etudiant;2016-6-18;coffee;11:41
etudiant;2016-6-18;door;11:44
etudiant;2016-6-19;door;10:00
etudiant;2016-6-19;light_off;9:58
etudiant;2016-6-19;tv_off;9:55
etudiant;2016-6-19;clock;8:30
etudiant;2016-6-19;heater;8:0
etudiant;2016-6-19;light_on;8:31
etudiant;2016-6-19;coffee;8:45
etudiant;2016-6-19;tv_on;8:45
etudiant;2016-6-19;shower_on;9:24
etudiant;2016-6-19;shower_off;9:37
etudiant;2016-6-19;toothbrush;9:39
etudiant;2016-6-20;door;8:00
etudiant;2016-6-20;light_off;7:58
etudiant;2016-6-20;clock;7:0
etudiant;2016-6-20;heater;6:30
etudiant;2016-6-20;light_on;7:1
etudiant;2016-6-20;coffee;7:12
etudiant;2016-6-20;shower_on;7:21
etudiant;2016-6-20;shower_off;7:28
etudiant;2016-6-20;toothbrush;7:30
etudiant;2016-6-21;door;8:00
etudiant;2016-6-21;light_off;7:58
etudiant;2016-6-21;clock;7:0
etudiant;2016-6-21;heater;6:30
etudiant;2016-6-21;light_on;7:1
etudiant;2016-6-21;coffee;7:13
etudiant;2016-6-21;shower_on;7:25
etudiant;2016-6-21;shower_off;7:32
etudiant;2016-6-21;toothbrush;7:34
etudiant;2016-6-22;door;10:00
etudiant;2016-6-22;light_off;9:58
etudiant;2016-6-22;clock;9:0
etudiant;2016-6-22;heater;8:30
etudiant;2016-6-22;light_on;9:1
etudiant;2016-6-22;coffee;9:10
etudiant;2016-6-22;shower_on;9:21
etudiant;2016-6-22;shower_off;9:26
etudiant;2016-6-22;toothbrush;9:28
etudiant;2016-6-23;door;11:00
etudiant;2016-6-23;light_off;10:58
etudiant;2016-6-23;clock;10:0
etudiant;2016-6-23;heater;9:30
etudiant;2016-6-23;light_on;10:1
etudiant;2016-6-23;coffee;10:10
etudiant;2016-6-23;shower_on;10:22
etudiant;2016-6-23;shower_off;10:26
etudiant;2016-6-23;toothbrush;10:28
etudiant;2016-6-24;clock;6:30
etudiant;2016-6-24;heater;6:0
etudiant;2016-6-24;light_on;9:24
etudiant;2016-6-24;coffee;9:28
etudiant;2016-6-24;door;9:31
etudiant;2016-6-25;door;10:00
etudiant;2016-6-25;light_off;9:58
etudiant;2016-6-25;tv_off;9:55
etudiant;2016-6-25;clock;8:30
etudiant;2016-6-25;heater;8:0
etudiant;2016-6-25;light_on;8:31
etudiant;2016-6-25;coffee;8:46
etudiant;2016-6-25;tv_on;8:46
etudiant;2016-6-25;shower_on;9:11
etudiant;2016-6-25;shower_off;9:19
etudiant;2016-6-25;toothbrush;9:21
etudiant;2016-6-26;door;10:00
etudiant;2016-6-26;light_off;9:58
etudiant;2016-6-26;tv_off;9:55
etudiant;2016-6-26;clock;8:30
etudiant;2016-6-26;heater;8:0
etudiant;2016-6-26;light_on;8:31
etudiant;2016-6-26;coffee;8:45
etudiant;2016-6-26;tv_on;8:45
etudiant;2016-6-26;shower_on;9:7
etudiant;2016-6-26;shower_off;9:15
etudiant;2016-6-26;toothbrush;9:17
etudiant;2016-6-27;door;8:00
etudiant;2016-6-27;light_off;7:58
etudiant;2016-6-27;clock;7:0
etudiant;2016-6-27;heater;6:30
etudiant;2016-6-27;light_on;7:1
etudiant;2016-6-27;coffee;7:13
etudiant;2016-6-27;shower_on;7:25
etudiant;2016-6-27;shower_off;7:29
etudiant;2016-6-27;toothbrush;7:31
etudiant;2016-6-28;door;8:00
etudiant;2016-6-28;light_off;7:58
etudiant;2016-6-28;clock;7:0
etudiant;2016-6-28;heater;6:30
etudiant;2016-6-28;light_on;7:1
etudiant;2016-6-28;coffee;7:13
etudiant;2016-6-28;shower_on;7:21
etudiant;2016-6-28;shower_off;7:26
etudiant;2016-6-28;toothbrush;7:28
etudiant;2016-6-29;door;10:00
etudiant;2016-6-29;light_off;9:58
etudiant;2016-6-29;clock;9:0
etudiant;2016-6-29;heater;8:30
etudiant;2016-6-29;light_on;9:1
etudiant;2016-6-29;coffee;9:8
etudiant;2016-6-29;shower_on;9:16
etudiant;2016-6-29;shower_off;9:23
etudiant;2016-6-29;toothbrush;9:25
etudiant;2016-6-30;door;11:00
etudiant;2016-6-30;light_off;10:58
etudiant;2016-6-30;clock;10:0
etudiant;2016-6-30;heater;9:30
etudiant;2016-6-30;light_on;10:1
etudiant;2016-6-30;coffee;10:10
etudiant;2016-6-30;shower_on;10:23
etudiant;2016-6-30;shower_off;10:27
etudiant;2016-6-30;toothbrush;10:29
etudiant;2016-7-1;door;8:00
etudiant;2016-7-1;light_off;7:58
etudiant;2016-7-1;clock;7:0
etudiant;2016-7-1;heater;6:30
etudiant;2016-7-1;light_on;7:1
etudiant;2016-7-1;coffee;7:12
etudiant;2016-7-1;shower_on;7:22
etudiant;2016-7-1;shower_off;7:27
etudiant;2016-7-1;toothbrush;7:29
etudiant;2016-7-2;door;9:00
etudiant;2016-7-2;light_off;8:58
etudiant;2016-7-2;tv_off;8:55
etudiant;2016-7-2;clock;7:30
etudiant;2016-7-2;heater;7:0
etudiant;2016-7-2;light_on;7:31
etudiant;2016-7-2;coffee;7:45
etudiant;2016-7-2;tv_on;7:45
etudiant;2016-7-2;shower_on;8:14
etudiant;2016-7-2;shower_off;8:26
etudiant;2016-7-2;toothbrush;8:28
etudiant;2016-7-3;door;9:00
etudiant;2016-7-3;light_off;8:58
etudiant;2016-7-3;tv_off;8:55
etudiant;2016-7-3;clock;7:30
etudiant;2016-7-3;heater;7:0
etudiant;2016-7-3;light_on;7:31
etudiant;2016-7-3;coffee;7:47
etudiant;2016-7-3;tv_on;7:47
etudiant;2016-7-3;shower_on;8:19
etudiant;2016-7-3;shower_off;8:28
etudiant;2016-7-3;toothbrush;8:30
etudiant;2016-7-4;door;8:00
etudiant;2016-7-4;light_off;7:58
etudiant;2016-7-4;clock;7:0
etudiant;2016-7-4;heater;6:30
etudiant;2016-7-4;light_on;7:1
etudiant;2016-7-4;coffee;7:8
etudiant;2016-7-4;shower_on;7:21
etudiant;2016-7-4;shower_off;7:25
etudiant;2016-7-4;toothbrush;7:27
etudiant;2016-7-5;clock;6:30
etudiant;2016-7-5;heater;6:0
etudiant;2016-7-5;light_on;9:21
etudiant;2016-7-5;coffee;9:25
etudiant;2016-7-5;door;9:28
etudiant;2016-7-6;door;10:00
etudiant;2016-7-6;light_off;9:58
etudiant;2016-7-6;clock;9:0
etudiant;2016-7-6;heater;8:30
etudiant;2016-7-6;light_on;9:1
etudiant;2016-7-6;coffee;9:11
etudiant;2016-7-6;shower_on;9:19
etudiant;2016-7-6;shower_off;9:25
etudiant;2016-7-6;toothbrush;9:27
etudiant;2016-7-7;door;11:00
etudiant;2016-7-7;light_off;10:58
etudiant;2016-7-7;clock;10:0
etudiant;2016-7-7;heater;9:30
etudiant;2016-7-7;light_on;10:1
etudiant;2016-7-7;coffee;10:10
etudiant;2016-7-7;shower_on;10:20
etudiant;2016-7-7;shower_off;10:24
etudiant;2016-7-7;toothbrush;10:26
etudiant;2016-7-8;clock;6:30
etudiant;2016-7-8;heater;6:0
etudiant;2016-7-8;light_on;9:28
etudiant;2016-7-8;coffee;9:31
etudiant;2016-7-8;door;9:34
etudiant;2016-7-9;door;10:00
etudiant;2016-7-9;light_off;9:58
etudiant;2016-7-9;tv_off;9:55
etudiant;2016-7-9;clock;8:30
etudiant;2016-7-9;heater;8:0
etudiant;2016-7-9;light_on;8:31
etudiant;2016-7-9;coffee;8:45
etudiant;2016-7-9;tv_on;8:45
etudiant;2016-7-9;shower_on;9:16
etudiant;2016-7-9;shower_off;9:28
etudiant;2016-7-9;toothbrush;9:30
etudiant;2016-7-10;door;10:00
etudiant;2016-7-10;light_off;9:58
etudiant;2016-7-10;tv_off;9:55
etudiant;2016-7-10;clock;8:30
etudiant;2016-7-10;heater;8:0
etudiant;2016-7-10;light_on;8:31
etudiant;2016-7-10;coffee;8:46
etudiant;2016-7-10;tv_on;8:46
etudiant;2016-7-10;shower_on;9:8
etudiant;2016-7-10;shower_off;9:16
etudiant;2016-7-10;toothbrush;9:18
etudiant;2016-7-11;door;8:00
etudiant;2016-7-11;light_off;7:58
etudiant;2016-7-11;clock;7:0
etudiant;2016-7-11;heater;6:30
etudiant;2016-7-11;light_on;7:1
etudiant;2016-7-11;coffee;7:13
etudiant;2016-7-11;shower_on;7:24
etudiant;2016-7-11;shower_off;7:30
etudiant;2016-7-11;toothbrush;7:32
etudiant;2016-7-12;door;8:00
etudiant;2016-7-12;light_off;7:58
etudiant;2016-7-12;clock;7:0
etudiant;2016-7-12;heater;6:30
etudiant;2016-7-12;light_on;7:1
etudiant;2016-7-12;coffee;7:8
etudiant;2016-7-12;shower_on;7:19
etudiant;2016-7-12;shower_off;7:25
etudiant;2016-7-12;toothbrush;7:27
etudiant;2016-7-13;door;10:00
etudiant;2016-7-13;light_off;9:58
etudiant;2016-7-13;clock;9:0
etudiant;2016-7-13;heater;8:30
etudiant;2016-7-13;light_on;9:1
etudiant;2016-7-13;coffee;9:12
etudiant;2016-7-13;shower_on;9:22
etudiant;2016-7-13;shower_off;9:29
etudiant;2016-7-13;toothbrush;9:31
etudiant;2016-7-14;door;10:00
etudiant;2016-7-14;light_off;9:58
etudiant;2016-7-14;tv_off;9:55
etudiant;2016-7-14;clock;8:30
etudiant;2016-7-14;heater;8:0
etudiant;2016-7-14;light_on;8:31
etudiant;2016-7-14;coffee;8:45
etudiant;2016-7-14;tv_on;8:45
etudiant;2016-7-14;shower_on;9:15
etudiant;2016-7-14;shower_off;9:24
etudiant;2016-7-14;toothbrush;9:26
etudiant;2016-8-15;door;9:00
etudiant;2016-8-15;light_off;8:58
etudiant;2016-8-15;tv_off;8:55
etudiant;2016-8-15;clock;7:30
etudiant;2016-8-15;heater;7:0
etudiant;2016-8-15;light_on;7:31
etudiant;2016-8-15;coffee;7:43
etudiant;2016-8-15;tv_on;7:43
etudiant;2016-8-15;shower_on;8:23
etudiant;2016-8-15;shower_off;8:36
etudiant;2016-8-15;toothbrush;8:38
etudiant;2016-8-16;door;8:00
etudiant;2016-8-16;light_off;7:58
etudiant;2016-8-16;clock;7:0
etudiant;2016-8-16;heater;6:30
etudiant;2016-8-16;light_on;7:1
etudiant;2016-8-16;coffee;7:12
etudiant;2016-8-16;shower_on;7:25
etudiant;2016-8-16;shower_off;7:31
etudiant;2016-8-16;toothbrush;7:33
etudiant;2016-8-17;door;10:00
etudiant;2016-8-17;light_off;9:58
etudiant;2016-8-17;clock;9:0
etudiant;2016-8-17;heater;8:30
etudiant;2016-8-17;light_on;9:1
etudiant;2016-8-17;coffee;9:9
etudiant;2016-8-17;shower_on;9:17
etudiant;2016-8-17;shower_off;9:24
etudiant;2016-8-17;toothbrush;9:26
etudiant;2016-8-18;door;11:00
etudiant;2016-8-18;light_off;10:58
etudiant;2016-8-18;clock;10:0
etudiant;2016-8-18;heater;9:30
etudiant;2016-8-18;light_on;10:1
etudiant;2016-8-18;coffee;10:13
etudiant;2016-8-18;shower_on;10:23
etudiant;2016-8-18;shower_off;10:30
etudiant;2016-8-18;toothbrush;10:32
etudiant;2016-8-19;clock;6:30
etudiant;2016-8-19;heater;6:0
etudiant;2016-8-19;light_on;9:21
etudiant;2016-8-19;coffee;9:25
etudiant;2016-8-19;door;9:28
etudiant;2016-8-20;door;10:00
etudiant;2016-8-20;light_off;9:58
etudiant;2016-8-20;tv_off;9:55
etudiant;2016-8-20;clock;8:30
etudiant;2016-8-20;heater;8:0
etudiant;2016-8-20;light_on;8:31
etudiant;2016-8-20;coffee;8:44
etudiant;2016-8-20;tv_on;8:44
etudiant;2016-8-20;shower_on;9:14
etudiant;2016-8-20;shower_off;9:23
etudiant;2016-8-20;toothbrush;9:25
etudiant;2016-8-21;door;9:00
etudiant;2016-8-21;light_off;8:58
etudiant;2016-8-21;tv_off;8:55
etudiant;2016-8-21;clock;7:30
etudiant;2016-8-21;heater;7:0
etudiant;2016-8-21;light_on;7:31
etudiant;2016-8-21;coffee;7:48
etudiant;2016-8-21;tv_on;7:48
etudiant;2016-8-21;shower_on;8:21
etudiant;2016-8-21;shower_off;8:32
etudiant;2016-8-21;toothbrush;8:34
etudiant;2016-8-22;door;8:00
etudiant;2016-8-22;light_off;7:58
etudiant;2016-8-22;clock;7:0
etudiant;2016-8-22;heater;6:30
etudiant;2016-8-22;light_on;7:1
etudiant;2016-8-22;coffee;7:8
etudiant;2016-8-22;shower_on;7:20
etudiant;2016-8-22;shower_off;7:25
etudiant;2016-8-22;toothbrush;7:27
etudiant;2016-8-23;door;8:00
etudiant;2016-8-23;light_off;7:58
etudiant;2016-8-23;clock;7:0
etudiant;2016-8-23;heater;6:30
etudiant;2016-8-23;light_on;7:1
etudiant;2016-8-23;coffee;7:12
etudiant;2016-8-23;shower_on;7:23
etudiant;2016-8-23;shower_off;7:30
etudiant;2016-8-23;toothbrush;7:32
etudiant;2016-8-24;door;10:00
etudiant;2016-8-24;light_off;9:58
etudiant;2016-8-24;clock;9:0
etudiant;2016-8-24;heater;8:30
etudiant;2016-8-24;light_on;9:1
etudiant;2016-8-24;coffee;9:13
etudiant;2016-8-24;shower_on;9:25
etudiant;2016-8-24;shower_off;9:32
etudiant;2016-8-24;toothbrush;9:34
etudiant;2016-8-25;door;11:00
etudiant;2016-8-25;light_off;10:58
etudiant;2016-8-25;clock;10:0
etudiant;2016-8-25;heater;9:30
etudiant;2016-8-25;light_on;10:1
etudiant;2016-8-25;coffee;10:13
etudiant;2016-8-25;shower_on;10:23
etudiant;2016-8-25;shower_off;10:27
etudiant;2016-8-25;toothbrush;10:29
etudiant;2016-8-26;door;8:00
etudiant;2016-8-26;light_off;7:58
etudiant;2016-8-26;clock;7:0
etudiant;2016-8-26;heater;6:30
etudiant;2016-8-26;light_on;7:1
etudiant;2016-8-26;coffee;7:11
etudiant;2016-8-26;shower_on;7:23
etudiant;2016-8-26;shower_off;7:30
etudiant;2016-8-26;toothbrush;7:32
etudiant;2016-8-27;door;10:00
etudiant;2016-8-27;light_off;9:58
etudiant;2016-8-27;tv_off;9:55
etudiant;2016-8-27;clock;8:30
etudiant;2016-8-27;heater;8:0
etudiant;2016-8-27;light_on;8:31
etudiant;2016-8-27;coffee;8:44
etudiant;2016-8-27;tv_on;8:44
etudiant;2016-8-27;shower_on;9:23
etudiant;2016-8-27;shower_off;9:33
etudiant;2016-8-27;toothbrush;9:35
etudiant;2016-8-28;door;10:00
etudiant;2016-8-28;light_off;9:58
etudiant;2016-8-28;tv_off;9:55
etudiant;2016-8-28;clock;8:30
etudiant;2016-8-28;heater;8:0
etudiant;2016-8-28;light_on;8:31
etudiant;2016-8-28;coffee;8:44
etudiant;2016-8-28;tv_on;8:44
etudiant;2016-8-28;shower_on;9:11
etudiant;2016-8-28;shower_off;9:20
etudiant;2016-8-28;toothbrush;9:22
etudiant;2016-8-29;door;8:00
etudiant;2016-8-29;light_off;7:58
etudiant;2016-8-29;clock;7:0
etudiant;2016-8-29;heater;6:30
etudiant;2016-8-29;light_on;7:1
etudiant;2016-8-29;coffee;7:13
etudiant;2016-8-29;shower_on;7:21
etudiant;2016-8-29;shower_off;7:28
etudiant;2016-8-29;toothbrush;7:30
etudiant;2016-8-30;door;8:00
etudiant;2016-8-30;light_off;7:58
etudiant;2016-8-30;clock;7:0
etudiant;2016-8-30;heater;6:30
etudiant;2016-8-30;light_on;7:1
etudiant;2016-8-30;coffee;7:10
etudiant;2016-8-30;shower_on;7:20
etudiant;2016-8-30;shower_off;7:25
etudiant;2016-8-30;toothbrush;7:27
etudiant;2016-8-31;clock;6:30
etudiant;2016-8-31;heater;6:0
etudiant;2016-8-31;light_on;11:40
etudiant;2016-8-31;coffee;11:45
etudiant;2016-8-31;door;11:48
etudiant;2016-9-1;door;11:00
etudiant;2016-9-1;light_off;10:58
etudiant;2016-9-1;clock;10:0
etudiant;2016-9-1;heater;9:30
etudiant;2016-9-1;light_on;10:1
etudiant;2016-9-1;coffee;10:8
etudiant;2016-9-1;shower_on;10:18
etudiant;2016-9-1;shower_off;10:22
etudiant;2016-9-1;toothbrush;10:24
etudiant;2016-9-2;door;8:00
etudiant;2016-9-2;light_off;7:58
etudiant;2016-9-2;clock;7:0
etudiant;2016-9-2;heater;6:30
etudiant;2016-9-2;light_on;7:1
etudiant;2016-9-2;coffee;7:10
etudiant;2016-9-2;shower_on;7:18
etudiant;2016-9-2;shower_off;7:23
etudiant;2016-9-2;toothbrush;7:25
etudiant;2016-9-3;door;9:00
etudiant;2016-9-3;light_off;8:58
etudiant;2016-9-3;tv_off;8:55
etudiant;2016-9-3;clock;7:30
etudiant;2016-9-3;heater;7:0
etudiant;2016-9-3;light_on;7:31
etudiant;2016-9-3;coffee;7:48
etudiant;2016-9-3;tv_on;7:48
etudiant;2016-9-3;shower_on;8:20
etudiant;2016-9-3;shower_off;8:32
etudiant;2016-9-3;toothbrush;8:34
etudiant;2016-9-4;door;10:00
etudiant;2016-9-4;light_off;9:58
etudiant;2016-9-4;tv_off;9:55
etudiant;2016-9-4;clock;8:30
etudiant;2016-9-4;heater;8:0
etudiant;2016-9-4;light_on;8:31
etudiant;2016-9-4;coffee;8:44
etudiant;2016-9-4;tv_on;8:44
etudiant;2016-9-4;shower_on;9:15
etudiant;2016-9-4;shower_off;9:27
etudiant;2016-9-4;toothbrush;9:29
etudiant;2016-9-5;door;8:00
etudiant;2016-9-5;light_off;7:58
etudiant;2016-9-5;clock;7:0
etudiant;2016-9-5;heater;6:30
etudiant;2016-9-5;light_on;7:1
etudiant;2016-9-5;coffee;7:12
etudiant;2016-9-5;shower_on;7:21
etudiant;2016-9-5;shower_off;7:27
etudiant;2016-9-5;toothbrush;7:29
etudiant;2016-9-6;clock;6:30
etudiant;2016-9-6;heater;6:0
etudiant;2016-9-6;light_on;9:34
etudiant;2016-9-6;coffee;9:37
etudiant;2016-9-6;door;9:40
etudiant;2016-9-7;door;10:00
etudiant;2016-9-7;light_off;9:58
etudiant;2016-9-7;clock;9:0
etudiant;2016-9-7;heater;8:30
etudiant;2016-9-7;light_on;9:1
etudiant;2016-9-7;coffee;9:11
etudiant;2016-9-7;shower_on;9:23
etudiant;2016-9-7;shower_off;9:29
etudiant;2016-9-7;toothbrush;9:31
etudiant;2016-9-8;door;11:00
etudiant;2016-9-8;light_off;10:58
etudiant;2016-9-8;clock;10:0
etudiant;2016-9-8;heater;9:30
etudiant;2016-9-8;light_on;10:1
etudiant;2016-9-8;coffee;10:13
etudiant;2016-9-8;shower_on;10:24
etudiant;2016-9-8;shower_off;10:28
etudiant;2016-9-8;toothbrush;10:30
etudiant;2016-9-9;door;8:00
etudiant;2016-9-9;light_off;7:58
etudiant;2016-9-9;clock;7:0
etudiant;2016-9-9;heater;6:30
etudiant;2016-9-9;light_on;7:1
etudiant;2016-9-9;coffee;7:13
etudiant;2016-9-9;shower_on;7:24
etudiant;2016-9-9;shower_off;7:28
etudiant;2016-9-9;toothbrush;7:30
etudiant;2016-9-10;door;9:00
etudiant;2016-9-10;light_off;8:58
etudiant;2016-9-10;tv_off;8:55
etudiant;2016-9-10;clock;7:30
etudiant;2016-9-10;heater;7:0
etudiant;2016-9-10;light_on;7:31
etudiant;2016-9-10;coffee;7:45
etudiant;2016-9-10;tv_on;7:45
etudiant;2016-9-10;shower_on;8:7
etudiant;2016-9-10;shower_off;8:20
etudiant;2016-9-10;toothbrush;8:22
etudiant;2016-9-11;door;9:00
etudiant;2016-9-11;light_off;8:58
etudiant;2016-9-11;tv_off;8:55
etudiant;2016-9-11;clock;7:30
etudiant;2016-9-11;heater;7:0
etudiant;2016-9-11;light_on;7:31
etudiant;2016-9-11;coffee;7:47
etudiant;2016-9-11;tv_on;7:47
etudiant;2016-9-11;shower_on;8:27
etudiant;2016-9-11;shower_off;8:37
etudiant;2016-9-11;toothbrush;8:39
etudiant;2016-9-12;door;8:00
etudiant;2016-9-12;light_off;7:58
etudiant;2016-9-12;clock;7:0
etudiant;2016-9-12;heater;6:30
etudiant;2016-9-12;light_on;7:1
etudiant;2016-9-12;coffee;7:12
etudiant;2016-9-12;shower_on;7:21
etudiant;2016-9-12;shower_off;7:26
etudiant;2016-9-12;toothbrush;7:28
etudiant;2016-9-13;door;8:00
etudiant;2016-9-13;light_off;7:58
etudiant;2016-9-13;clock;7:0
etudiant;2016-9-13;heater;6:30
etudiant;2016-9-13;light_on;7:1
etudiant;2016-9-13;coffee;7:9
etudiant;2016-9-13;shower_on;7:21
etudiant;2016-9-13;shower_off;7:25
etudiant;2016-9-13;toothbrush;7:27
etudiant;2016-9-14;door;10:00
etudiant;2016-9-14;light_off;9:58
etudiant;2016-9-14;clock;9:0
etudiant;2016-9-14;heater;8:30
etudiant;2016-9-14;light_on;9:1
etudiant;2016-9-14;coffee;9:9
etudiant;2016-9-14;shower_on;9:21
etudiant;2016-9-14;shower_off;9:28
etudiant;2016-9-14;toothbrush;9:30
etudiant;2016-9-15;door;11:00
etudiant;2016-9-15;light_off;10:58
etudiant;2016-9-15;clock;10:0
etudiant;2016-9-15;heater;9:30
etudiant;2016-9-15;light_on;10:1
etudiant;2016-9-15;coffee;10:13
etudiant;2016-9-15;shower_on;10:25
etudiant;2016-9-15;shower_off;10:29
etudiant;2016-9-15;toothbrush;10:31
etudiant;2016-9-16;door;8:00
etudiant;2016-9-16;light_off;7:58
etudiant;2016-9-16;clock;7:0
etudiant;2016-9-16;heater;6:30
etudiant;2016-9-16;light_on;7:1
etudiant;2016-9-16;coffee;7:13
etudiant;2016-9-16;shower_on;7:25
etudiant;2016-9-16;shower_off;7:29
etudiant;2016-9-16;toothbrush;7:31
etudiant;2016-9-17;clock;6:30
etudiant;2016-9-17;heater;6:0
etudiant;2016-9-17;light_on;11:44
etudiant;2016-9-17;coffee;11:50
etudiant;2016-9-17;door;11:53
etudiant;2016-9-18;door;10:00
etudiant;2016-9-18;light_off;9:58
etudiant;2016-9-18;tv_off;9:55
etudiant;2016-9-18;clock;8:30
etudiant;2016-9-18;heater;8:0
etudiant;2016-9-18;light_on;8:31
etudiant;2016-9-18;coffee;8:47
etudiant;2016-9-18;tv_on;8:47
etudiant;2016-9-18;shower_on;9:23
etudiant;2016-9-18;shower_off;9:35
etudiant;2016-9-18;toothbrush;9:37
etudiant;2016-9-19;door;8:00
etudiant;2016-9-19;light_off;7:58
etudiant;2016-9-19;clock;7:0
etudiant;2016-9-19;heater;6:30
etudiant;2016-9-19;light_on;7:1
etudiant;2016-9-19;coffee;7:10
etudiant;2016-9-19;shower_on;7:22
etudiant;2016-9-19;shower_off;7:27
etudiant;2016-9-19;toothbrush;7:29
etudiant;2016-9-20;door;8:00
etudiant;2016-9-20;light_off;7:58
etudiant;2016-9-20;clock;7:0
etudiant;2016-9-20;heater;6:30
etudiant;2016-9-20;light_on;7:1
etudiant;2016-9-20;coffee;7:9
etudiant;2016-9-20;shower_on;7:17
etudiant;2016-9-20;shower_off;7:21
etudiant;2016-9-20;toothbrush;7:23
etudiant;2016-9-21;door;10:00
etudiant;2016-9-21;light_off;9:58
etudiant;2016-9-21;clock;9:0
etudiant;2016-9-21;heater;8:30
etudiant;2016-9-21;light_on;9:1
etudiant;2016-9-21;coffee;9:11
etudiant;2016-9-21;shower_on;9:19
etudiant;2016-9-21;shower_off;9:24
etudiant;2016-9-21;toothbrush;9:26
etudiant;2016-9-22;door;11:00
etudiant;2016-9-22;light_off;10:58
etudiant;2016-9-22;clock;10:0
etudiant;2016-9-22;heater;9:30
etudiant;2016-9-22;light_on;10:1
etudiant;2016-9-22;coffee;10:10
etudiant;2016-9-22;shower_on;10:21
etudiant;2016-9-22;shower_off;10:27
etudiant;2016-9-22;toothbrush;10:29
etudiant;2016-9-23;door;8:00
etudiant;2016-9-23;light_off;7:58
etudiant;2016-9-23;clock;7:0
etudiant;2016-9-23;heater;6:30
etudiant;2016-9-23;light_on;7:1
etudiant;2016-9-23;coffee;7:13
etudiant;2016-9-23;shower_on;7:24
etudiant;2016-9-23;shower_off;7:30
etudiant;2016-9-23;toothbrush;7:32
etudiant;2016-9-24;door;9:00
etudiant;2016-9-24;light_off;8:58
etudiant;2016-9-24;tv_off;8:55
etudiant;2016-9-24;clock;7:30
etudiant;2016-9-24;heater;7:0
etudiant;2016-9-24;light_on;7:31
etudiant;2016-9-24;coffee;7:47
etudiant;2016-9-24;tv_on;7:47
etudiant;2016-9-24;shower_on;8:13
etudiant;2016-9-24;shower_off;8:22
etudiant;2016-9-24;toothbrush;8:24
etudiant;2016-9-25;door;9:00
etudiant;2016-9-25;light_off;8:58
etudiant;2016-9-25;tv_off;8:55
etudiant;2016-9-25;clock;7:30
etudiant;2016-9-25;heater;7:0
etudiant;2016-9-25;light_on;7:31
etudiant;2016-9-25;coffee;7:46
etudiant;2016-9-25;tv_on;7:46
etudiant;2016-9-25;shower_on;8:17
etudiant;2016-9-25;shower_off;8:28
etudiant;2016-9-25;toothbrush;8:30
etudiant;2016-9-26;door;8:00
etudiant;2016-9-26;light_off;7:58
etudiant;2016-9-26;clock;7:0
etudiant;2016-9-26;heater;6:30
etudiant;2016-9-26;light_on;7:1
etudiant;2016-9-26;coffee;7:12
etudiant;2016-9-26;shower_on;7:20
etudiant;2016-9-26;shower_off;7:27
etudiant;2016-9-26;toothbrush;7:29
etudiant;2016-9-27;door;8:00
etudiant;2016-9-27;light_off;7:58
etudiant;2016-9-27;clock;7:0
etudiant;2016-9-27;heater;6:30
etudiant;2016-9-27;light_on;7:1
etudiant;2016-9-27;coffee;7:10
etudiant;2016-9-27;shower_on;7:20
etudiant;2016-9-27;shower_off;7:25
etudiant;2016-9-27;toothbrush;7:27
etudiant;2016-9-28;door;10:00
etudiant;2016-9-28;light_off;9:58
etudiant;2016-9-28;clock;9:0
etudiant;2016-9-28;heater;8:30
etudiant;2016-9-28;light_on;9:1
etudiant;2016-9-28;coffee;9:9
etudiant;2016-9-28;shower_on;9:22
etudiant;2016-9-28;shower_off;9:28
etudiant;2016-9-28;toothbrush;9:30
etudiant;2016-9-29;door;11:00
etudiant;2016-9-29;light_off;10:58
etudiant;2016-9-29;clock;10:0
etudiant;2016-9-29;heater;9:30
etudiant;2016-9-29;light_on;10:1
etudiant;2016-9-29;coffee;10:8
etudiant;2016-9-29;shower_on;10:19
etudiant;2016-9-29;shower_off;10:26
etudiant;2016-9-29;toothbrush;10:28
etudiant;2016-9-30;door;8:00
etudiant;2016-9-30;light_off;7:58
etudiant;2016-9-30;clock;7:0
etudiant;2016-9-30;heater;6:30
etudiant;2016-9-30;light_on;7:1
etudiant;2016-9-30;coffee;7:12
etudiant;2016-9-30;shower_on;7:25
etudiant;2016-9-30;shower_off;7:32
etudiant;2016-9-30;toothbrush;7:34
etudiant;2016-10-1;door;10:00
etudiant;2016-10-1;light_off;9:58
etudiant;2016-10-1;tv_off;9:55
etudiant;2016-10-1;clock;8:30
etudiant;2016-10-1;heater;8:0
etudiant;2016-10-1;light_on;8:31
etudiant;2016-10-1;coffee;8:46
etudiant;2016-10-1;tv_on;8:46
etudiant;2016-10-1;shower_on;9:25
etudiant;2016-10-1;shower_off;9:34
etudiant;2016-10-1;toothbrush;9:36
etudiant;2016-10-2;door;10:00
etudiant;2016-10-2;light_off;9:58
etudiant;2016-10-2;tv_off;9:55
etudiant;2016-10-2;clock;8:30
etudiant;2016-10-2;heater;8:0
etudiant;2016-10-2;light_on;8:31
etudiant;2016-10-2;coffee;8:48
etudiant;2016-10-2;tv_on;8:48
etudiant;2016-10-2;shower_on;9:12
etudiant;2016-10-2;shower_off;9:20
etudiant;2016-10-2;toothbrush;9:22
etudiant;2016-10-3;door;8:00
etudiant;2016-10-3;light_off;7:58
etudiant;2016-10-3;clock;7:0
etudiant;2016-10-3;heater;6:30
etudiant;2016-10-3;light_on;7:1
etudiant;2016-10-3;coffee;7:9
etudiant;2016-10-3;shower_on;7:20
etudiant;2016-10-3;shower_off;7:25
etudiant;2016-10-3;toothbrush;7:27
etudiant;2016-10-4;door;8:00
etudiant;2016-10-4;light_off;7:58
etudiant;2016-10-4;clock;7:0
etudiant;2016-10-4;heater;6:30
etudiant;2016-10-4;light_on;7:1
etudiant;2016-10-4;coffee;7:11
etudiant;2016-10-4;shower_on;7:22
etudiant;2016-10-4;shower_off;7:26
etudiant;2016-10-4;toothbrush;7:28
etudiant;2016-10-5;clock;6:30
etudiant;2016-10-5;heater;6:0
etudiant;2016-10-5;light_on;11:46
etudiant;2016-10-5;coffee;11:49
etudiant;2016-10-5;door;11:52
etudiant;2016-10-6;door;11:00
etudiant;2016-10-6;light_off;10:58
etudiant;2016-10-6;clock;10:0
etudiant;2016-10-6;heater;9:30
etudiant;2016-10-6;light_on;10:1
etudiant;2016-10-6;coffee;10:11
etudiant;2016-10-6;shower_on;10:23
etudiant;2016-10-6;shower_off;10:30
etudiant;2016-10-6;toothbrush;10:32
etudiant;2016-10-7;clock;6:30
etudiant;2016-10-7;heater;6:0
etudiant;2016-10-7;light_on;9:49
etudiant;2016-10-7;coffee;9:53
etudiant;2016-10-7;door;9:56
etudiant;2016-10-8;door;9:00
etudiant;2016-10-8;light_off;8:58
etudiant;2016-10-8;tv_off;8:55
etudiant;2016-10-8;clock;7:30
etudiant;2016-10-8;heater;7:0
etudiant;2016-10-8;light_on;7:31
etudiant;2016-10-8;coffee;7:47
etudiant;2016-10-8;tv_on;7:47
etudiant;2016-10-8;shower_on;8:12
etudiant;2016-10-8;shower_off;8:24
etudiant;2016-10-8;toothbrush;8:26
etudiant;2016-10-9;door;9:00
etudiant;2016-10-9;light_off;8:58
etudiant;2016-10-9;tv_off;8:55
etudiant;2016-10-9;clock;7:30
etudiant;2016-10-9;heater;7:0
etudiant;2016-10-9;light_on;7:31
etudiant;2016-10-9;coffee;7:48
etudiant;2016-10-9;tv_on;7:48
etudiant;2016-10-9;shower_on;8:28
etudiant;2016-10-9;shower_off;8:41
etudiant;2016-10-9;toothbrush;8:43
etudiant;2016-10-10;door;8:00
etudiant;2016-10-10;light_off;7:58
etudiant;2016-10-10;clock;7:0
etudiant;2016-10-10;heater;6:30
etudiant;2016-10-10;light_on;7:1
etudiant;2016-10-10;coffee;7:8
etudiant;2016-10-10;shower_on;7:16
etudiant;2016-10-10;shower_off;7:23
etudiant;2016-10-10;toothbrush;7:25
etudiant;2016-10-11;door;8:00
etudiant;2016-10-11;light_off;7:58
etudiant;2016-10-11;clock;7:0
etudiant;2016-10-11;heater;6:30
etudiant;2016-10-11;light_on;7:1
etudiant;2016-10-11;coffee;7:9
etudiant;2016-10-11;shower_on;7:17
etudiant;2016-10-11;shower_off;7:22
etudiant;2016-10-11;toothbrush;7:24
etudiant;2016-10-12;door;10:00
etudiant;2016-10-12;light_off;9:58
etudiant;2016-10-12;clock;9:0
etudiant;2016-10-12;heater;8:30
etudiant;2016-10-12;light_on;9:1
etudiant;2016-10-12;coffee;9:11
etudiant;2016-10-12;shower_on;9:21
etudiant;2016-10-12;shower_off;9:27
etudiant;2016-10-12;toothbrush;9:29
etudiant;2016-10-13;door;11:00
etudiant;2016-10-13;light_off;10:58
etudiant;2016-10-13;clock;10:0
etudiant;2016-10-13;heater;9:30
etudiant;2016-10-13;light_on;10:1
etudiant;2016-10-13;coffee;10:9
etudiant;2016-10-13;shower_on;10:22
etudiant;2016-10-13;shower_off;10:27
etudiant;2016-10-13;toothbrush;10:29
etudiant;2016-10-14;door;8:00
etudiant;2016-10-14;light_off;7:58
etudiant;2016-10-14;clock;7:0
etudiant;2016-10-14;heater;6:30
etudiant;2016-10-14;light_on;7:1
etudiant;2016-10-14;coffee;7:11
etudiant;2016-10-14;shower_on;7:20
etudiant;2016-10-14;shower_off;7:24
etudiant;2016-10-14;toothbrush;7:26
etudiant;2016-10-15;door;9:00
etudiant;2016-10-15;light_off;8:58
etudiant;2016-10-15;tv_off;8:55
etudiant;2016-10-15;clock;7:30
etudiant;2016-10-15;heater;7:0
etudiant;2016-10-15;light_on;7:31
etudiant;2016-10-15;coffee;7:48
etudiant;2016-10-15;tv_on;7:48
etudiant;2016-10-15;shower_on;8:18
etudiant;2016-10-15;shower_off;8:26
etudiant;2016-10-15;toothbrush;8:28
etudiant;2016-10-16;door;10:00
etudiant;2016-10-16;light_off;9:58
etudiant;2016-10-16;tv_off;9:55
etudiant;2016-10-16;clock;8:30
etudiant;2016-10-16;heater;8:0
etudiant;2016-10-16;light_on;8:31
etudiant;2016-10-16;coffee;8:43
etudiant;2016-10-16;tv_on;8:43
etudiant;2016-10-16;shower_on;9:5
etudiant;2016-10-16;shower_off;9:17
etudiant;2016-10-16;toothbrush;9:19
etudiant;2016-10-17;door;8:00
etudiant;2016-10-17;light_off;7:58
etudiant;2016-10-17;clock;7:0
etudiant;2016-10-17;heater;6:30
etudiant;2016-10-17;light_on;7:1
etudiant;2016-10-17;coffee;7:12
etudiant;2016-10-17;shower_on;7:20
etudiant;2016-10-17;shower_off;7:25
etudiant;2016-10-17;toothbrush;7:27
etudiant;2016-10-18;door;8:00
etudiant;2016-10-18;light_off;7:58
etudiant;2016-10-18;clock;7:0
etudiant;2016-10-18;heater;6:30
etudiant;2016-10-18;light_on;7:1
etudiant;2016-10-18;coffee;7:11
etudiant;2016-10-18;shower_on;7:23
etudiant;2016-10-18;shower_off;7:27
etudiant;2016-10-18;toothbrush;7:29
etudiant;2016-10-19;door;10:00
etudiant;2016-10-19;light_off;9:58
etudiant;2016-10-19;clock;9:0
etudiant;2016-10-19;heater;8:30
etudiant;2016-10-19;light_on;9:1
etudiant;2016-10-19;coffee;9:11
etudiant;2016-10-19;shower_on;9:24
etudiant;2016-10-19;shower_off;9:31
etudiant;2016-10-19;toothbrush;9:33
etudiant;2016-10-20;clock;6:30
etudiant;2016-10-20;heater;6:0
etudiant;2016-10-20;light_on;12:43
etudiant;2016-10-20;coffee;12:49
etudiant;2016-10-20;door;12:52
etudiant;2016-10-21;door;8:00
etudiant;2016-10-21;light_off;7:58
etudiant;2016-10-21;clock;7:0
etudiant;2016-10-21;heater;6:30
etudiant;2016-10-21;light_on;7:1
etudiant;2016-10-21;coffee;7:10
etudiant;2016-10-21;shower_on;7:20
etudiant;2016-10-21;shower_off;7:27
etudiant;2016-10-21;toothbrush;7:29
etudiant;2016-10-22;door;9:00
etudiant;2016-10-22;light_off;8:58
etudiant;2016-10-22;tv_off;8:55
etudiant;2016-10-22;clock;7:30
etudiant;2016-10-22;heater;7:0
etudiant;2016-10-22;light_on;7:31
etudiant;2016-10-22;coffee;7:44
etudiant;2016-10-22;tv_on;7:44
etudiant;2016-10-22;shower_on;8:18
etudiant;2016-10-22;shower_off;8:28
etudiant;2016-10-22;toothbrush;8:30
etudiant;2016-10-23;door;9:00
etudiant;2016-10-23;light_off;8:58
etudiant;2016-10-23;tv_off;8:55
etudiant;2016-10-23;clock;7:30
etudiant;2016-10-23;heater;7:0
etudiant;2016-10-23;light_on;7:31
etudiant;2016-10-23;coffee;7:48
etudiant;2016-10-23;tv_on;7:48
etudiant;2016-10-23;shower_on;8:23
etudiant;2016-10-23;shower_off;8:31
etudiant;2016-10-23;toothbrush;8:33
etudiant;2016-10-24;door;8:00
etudiant;2016-10-24;light_off;7:58
etudiant;2016-10-24;clock;7:0
etudiant;2016-10-24;heater;6:30
etudiant;2016-10-24;light_on;7:1
etudiant;2016-10-24;coffee;7:8
etudiant;2016-10-24;shower_on;7:19
etudiant;2016-10-24;shower_off;7:23
etudiant;2016-10-24;toothbrush;7:25
etudiant;2016-10-25;door;8:00
etudiant;2016-10-25;light_off;7:58
etudiant;2016-10-25;clock;7:0
etudiant;2016-10-25;heater;6:30
etudiant;2016-10-25;light_on;7:1
etudiant;2016-10-25;coffee;7:10
etudiant;2016-10-25;shower_on;7:19
etudiant;2016-10-25;shower_off;7:25
etudiant;2016-10-25;toothbrush;7:27
etudiant;2016-10-26;door;10:00
etudiant;2016-10-26;light_off;9:58
etudiant;2016-10-26;clock;9:0
etudiant;2016-10-26;heater;8:30
etudiant;2016-10-26;light_on;9:1
etudiant;2016-10-26;coffee;9:13
etudiant;2016-10-26;shower_on;9:22
etudiant;2016-10-26;shower_off;9:28
etudiant;2016-10-26;toothbrush;9:30
etudiant;2016-10-27;clock;6:30
etudiant;2016-10-27;heater;6:0
etudiant;2016-10-27;light_on;12:16
etudiant;2016-10-27;coffee;12:21
etudiant;2016-10-27;door;12:24
etudiant;2016-10-28;door;8:00
etudiant;2016-10-28;light_off;7:58
etudiant;2016-10-28;clock;7:0
etudiant;2016-10-28;heater;6:30
etudiant;2016-10-28;light_on;7:1
etudiant;2016-10-28;coffee;7:12
etudiant;2016-10-28;shower_on;7:20
etudiant;2016-10-28;shower_off;7:27
etudiant;2016-10-28;toothbrush;7:29
etudiant;2016-10-29;door;9:00
etudiant;2016-10-29;light_off;8:58
etudiant;2016-10-29;tv_off;8:55
etudiant;2016-10-29;clock;7:30
etudiant;2016-10-29;heater;7:0
etudiant;2016-10-29;light_on;7:31
etudiant;2016-10-29;coffee;7:47
etudiant;2016-10-29;tv_on;7:47
etudiant;2016-10-29;shower_on;8:23
etudiant;2016-10-29;shower_off;8:35
etudiant;2016-10-29;toothbrush;8:37
etudiant;2016-10-30;door;9:00
etudiant;2016-10-30;light_off;8:58
etudiant;2016-10-30;tv_off;8:55
etudiant;2016-10-30;clock;7:30
etudiant;2016-10-30;heater;7:0
etudiant;2016-10-30;light_on;7:31
etudiant;2016-10-30;coffee;7:43
etudiant;2016-10-30;tv_on;7:43
etudiant;2016-10-30;shower_on;8:23
etudiant;2016-10-30;shower_off;8:36
etudiant;2016-10-30;toothbrush;8:38
etudiant;2016-10-31;clock;6:30
etudiant;2016-10-31;heater;6:0
etudiant;2016-10-31;light_on;9:28
etudiant;2016-10-31;coffee;9:31
etudiant;2016-10-31;door;9:34
etudiant;2016-11-1;door;9:00
etudiant;2016-11-1;light_off;8:58
etudiant;2016-11-1;tv_off;8:55
etudiant;2016-11-1;clock;7:30
etudiant;2016-11-1;heater;7:0
etudiant;2016-11-1;light_on;7:31
etudiant;2016-11-1;coffee;7:46
etudiant;2016-11-1;tv_on;7:46
etudiant;2016-11-1;shower_on;8:7
etudiant;2016-11-1;shower_off;8:20
etudiant;2016-11-1;toothbrush;8:22
etudiant;2016-11-2;door;10:00
etudiant;2016-11-2;light_off;9:58
etudiant;2016-11-2;clock;9:0
etudiant;2016-11-2;heater;8:30
etudiant;2016-11-2;light_on;9:1
etudiant;2016-11-2;coffee;9:10
etudiant;2016-11-2;shower_on;9:19
etudiant;2016-11-2;shower_off;9:26
etudiant;2016-11-2;toothbrush;9:28
etudiant;2016-11-3;door;11:00
etudiant;2016-11-3;light_off;10:58
etudiant;2016-11-3;clock;10:0
etudiant;2016-11-3;heater;9:30
etudiant;2016-11-3;light_on;10:1
etudiant;2016-11-3;coffee;10:13
etudiant;2016-11-3;shower_on;10:21
etudiant;2016-11-3;shower_off;10:26
etudiant;2016-11-3;toothbrush;10:28
etudiant;2016-11-4;door;8:00
etudiant;2016-11-4;light_off;7:58
etudiant;2016-11-4;clock;7:0
etudiant;2016-11-4;heater;6:30
etudiant;2016-11-4;light_on;7:1
etudiant;2016-11-4;coffee;7:10
etudiant;2016-11-4;shower_on;7:18
etudiant;2016-11-4;shower_off;7:24
etudiant;2016-11-4;toothbrush;7:26
etudiant;2016-11-5;door;9:00
etudiant;2016-11-5;light_off;8:58
etudiant;2016-11-5;tv_off;8:55
etudiant;2016-11-5;clock;7:30
etudiant;2016-11-5;heater;7:0
etudiant;2016-11-5;light_on;7:31
etudiant;2016-11-5;coffee;7:48
etudiant;2016-11-5;tv_on;7:48
etudiant;2016-11-5;shower_on;8:19
etudiant;2016-11-5;shower_off;8:29
etudiant;2016-11-5;toothbrush;8:31
etudiant;2016-11-6;clock;6:30
etudiant;2016-11-6;heater;6:0
etudiant;2016-11-6;light_on;10:13
etudiant;2016-11-6;coffee;10:16
etudiant;2016-11-6;door;10:19
etudiant;2016-11-7;clock;6:30
etudiant;2016-11-7;heater;6:0
etudiant;2016-11-7;light_on;9:28
etudiant;2016-11-7;coffee;9:31
etudiant;2016-11-7;door;9:34
etudiant;2016-11-8;door;8:00
etudiant;2016-11-8;light_off;7:58
etudiant;2016-11-8;clock;7:0
etudiant;2016-11-8;heater;6:30
etudiant;2016-11-8;light_on;7:1
etudiant;2016-11-8;coffee;7:12
etudiant;2016-11-8;shower_on;7:22
etudiant;2016-11-8;shower_off;7:27
etudiant;2016-11-8;toothbrush;7:29
etudiant;2016-11-9;door;10:00
etudiant;2016-11-9;light_off;9:58
etudiant;2016-11-9;clock;9:0
etudiant;2016-11-9;heater;8:30
etudiant;2016-11-9;light_on;9:1
etudiant;2016-11-9;coffee;9:11
etudiant;2016-11-9;shower_on;9:22
etudiant;2016-11-9;shower_off;9:29
etudiant;2016-11-9;toothbrush;9:31
etudiant;2016-11-10;door;11:00
etudiant;2016-11-10;light_off;10:58
etudiant;2016-11-10;clock;10:0
etudiant;2016-11-10;heater;9:30
etudiant;2016-11-10;light_on;10:1
etudiant;2016-11-10;coffee;10:12
etudiant;2016-11-10;shower_on;10:21
etudiant;2016-11-10;shower_off;10:28
etudiant;2016-11-10;toothbrush;10:30
etudiant;2016-11-11;door;9:00
etudiant;2016-11-11;light_off;8:58
etudiant;2016-11-11;tv_off;8:55
etudiant;2016-11-11;clock;7:30
etudiant;2016-11-11;heater;7:0
etudiant;2016-11-11;light_on;7:31
etudiant;2016-11-11;coffee;7:48
etudiant;2016-11-11;tv_on;7:48
etudiant;2016-11-11;shower_on;8:15
etudiant;2016-11-11;shower_off;8:28
etudiant;2016-11-11;toothbrush;8:30
etudiant;2016-11-12;door;10:00
etudiant;2016-11-12;light_off;9:58
etudiant;2016-11-12;tv_off;9:55
etudiant;2016-11-12;clock;8:30
etudiant;2016-11-12;heater;8:0
etudiant;2016-11-12;light_on;8:31
etudiant;2016-11-12;coffee;8:43
etudiant;2016-11-12;tv_on;8:43
etudiant;2016-11-12;shower_on;9:4
etudiant;2016-11-12;shower_off;9:15
etudiant;2016-11-12;toothbrush;9:17
etudiant;2016-11-13;door;9:00
etudiant;2016-11-13;light_off;8:58
etudiant;2016-11-13;tv_off;8:55
etudiant;2016-11-13;clock;7:30
etudiant;2016-11-13;heater;7:0
etudiant;2016-11-13;light_on;7:31
etudiant;2016-11-13;coffee;7:47
etudiant;2016-11-13;tv_on;7:47
etudiant;2016-11-13;shower_on;8:19
etudiant;2016-11-13;shower_off;8:27
etudiant;2016-11-13;toothbrush;8:29
etudiant;2016-11-14;door;8:00
etudiant;2016-11-14;light_off;7:58
etudiant;2016-11-14;clock;7:0
etudiant;2016-11-14;heater;6:30
etudiant;2016-11-14;light_on;7:1
etudiant;2016-11-14;coffee;7:9
etudiant;2016-11-14;shower_on;7:22
etudiant;2016-11-14;shower_off;7:27
etudiant;2016-11-14;toothbrush;7:29
etudiant;2016-11-15;door;8:00
etudiant;2016-11-15;light_off;7:58
etudiant;2016-11-15;clock;7:0
etudiant;2016-11-15;heater;6:30
etudiant;2016-11-15;light_on;7:1
etudiant;2016-11-15;coffee;7:9
etudiant;2016-11-15;shower_on;7:17
etudiant;2016-11-15;shower_off;7:23
etudiant;2016-11-15;toothbrush;7:25
etudiant;2016-11-16;door;10:00
etudiant;2016-11-16;light_off;9:58
etudiant;2016-11-16;clock;9:0
etudiant;2016-11-16;heater;8:30
etudiant;2016-11-16;light_on;9:1
etudiant;2016-11-16;coffee;9:13
etudiant;2016-11-16;shower_on;9:25
etudiant;2016-11-16;shower_off;9:29
etudiant;2016-11-16;toothbrush;9:31
etudiant;2016-11-17;door;11:00
etudiant;2016-11-17;light_off;10:58
etudiant;2016-11-17;clock;10:0
etudiant;2016-11-17;heater;9:30
etudiant;2016-11-17;light_on;10:1
etudiant;2016-11-17;coffee;10:9
etudiant;2016-11-17;shower_on;10:17
etudiant;2016-11-17;shower_off;10:24
etudiant;2016-11-17;toothbrush;10:26
etudiant;2016-11-18;door;8:00
etudiant;2016-11-18;light_off;7:58
etudiant;2016-11-18;clock;7:0
etudiant;2016-11-18;heater;6:30
etudiant;2016-11-18;light_on;7:1
etudiant;2016-11-18;coffee;7:8
etudiant;2016-11-18;shower_on;7:21
etudiant;2016-11-18;shower_off;7:27
etudiant;2016-11-18;toothbrush;7:29
etudiant;2016-11-19;door;10:00
etudiant;2016-11-19;light_off;9:58
etudiant;2016-11-19;tv_off;9:55
etudiant;2016-11-19;clock;8:30
etudiant;2016-11-19;heater;8:0
etudiant;2016-11-19;light_on;8:31
etudiant;2016-11-19;coffee;8:45
etudiant;2016-11-19;tv_on;8:45
etudiant;2016-11-19;shower_on;9:14
etudiant;2016-11-19;shower_off;9:24
etudiant;2016-11-19;toothbrush;9:26
etudiant;2016-11-20;door;10:00
etudiant;2016-11-20;light_off;9:58
etudiant;2016-11-20;tv_off;9:55
etudiant;2016-11-20;clock;8:30
etudiant;2016-11-20;heater;8:0
etudiant;2016-11-20;light_on;8:31
etudiant;2016-11-20;coffee;8:46
etudiant;2016-11-20;tv_on;8:46
etudiant;2016-11-20;shower_on;9:26
etudiant;2016-11-20;shower_off;9:37
etudiant;2016-11-20;toothbrush;9:39
etudiant;2016-11-21;door;8:00
etudiant;2016-11-21;light_off;7:58
etudiant;2016-11-21;clock;7:0
etudiant;2016-11-21;heater;6:30
etudiant;2016-11-21;light_on;7:1
etudiant;2016-11-21;coffee;7:9
etudiant;2016-11-21;shower_on;7:22
etudiant;2016-11-21;shower_off;7:27
etudiant;2016-11-21;toothbrush;7:29
etudiant;2016-11-22;door;8:00
etudiant;2016-11-22;light_off;7:58
etudiant;2016-11-22;clock;7:0
etudiant;2016-11-22;heater;6:30
etudiant;2016-11-22;light_on;7:1
etudiant;2016-11-22;coffee;7:8
etudiant;2016-11-22;shower_on;7:21
etudiant;2016-11-22;shower_off;7:26
etudiant;2016-11-22;toothbrush;7:28
etudiant;2016-11-23;door;10:00
etudiant;2016-11-23;light_off;9:58
etudiant;2016-11-23;clock;9:0
etudiant;2016-11-23;heater;8:30
etudiant;2016-11-23;light_on;9:1
etudiant;2016-11-23;coffee;9:8
etudiant;2016-11-23;shower_on;9:19
etudiant;2016-11-23;shower_off;9:26
etudiant;2016-11-23;toothbrush;9:28
etudiant;2016-11-24;door;11:00
etudiant;2016-11-24;light_off;10:58
etudiant;2016-11-24;clock;10:0
etudiant;2016-11-24;heater;9:30
etudiant;2016-11-24;light_on;10:1
etudiant;2016-11-24;coffee;10:9
etudiant;2016-11-24;shower_on;10:19
etudiant;2016-11-24;shower_off;10:23
etudiant;2016-11-24;toothbrush;10:25
etudiant;2016-11-25;door;8:00
etudiant;2016-11-25;light_off;7:58
etudiant;2016-11-25;clock;7:0
etudiant;2016-11-25;heater;6:30
etudiant;2016-11-25;light_on;7:1
etudiant;2016-11-25;coffee;7:8
etudiant;2016-11-25;shower_on;7:20
etudiant;2016-11-25;shower_off;7:26
etudiant;2016-11-25;toothbrush;7:28
etudiant;2016-11-26;door;9:00
etudiant;2016-11-26;light_off;8:58
etudiant;2016-11-26;tv_off;8:55
etudiant;2016-11-26;clock;7:30
etudiant;2016-11-26;heater;7:0
etudiant;2016-11-26;light_on;7:31
etudiant;2016-11-26;coffee;7:43
etudiant;2016-11-26;tv_on;7:43
etudiant;2016-11-26;shower_on;8:19
etudiant;2016-11-26;shower_off;8:28
etudiant;2016-11-26;toothbrush;8:30
etudiant;2016-11-27;door;9:00
etudiant;2016-11-27;light_off;8:58
etudiant;2016-11-27;tv_off;8:55
etudiant;2016-11-27;clock;7:30
etudiant;2016-11-27;heater;7:0
etudiant;2016-11-27;light_on;7:31
etudiant;2016-11-27;coffee;7:47
etudiant;2016-11-27;tv_on;7:47
etudiant;2016-11-27;shower_on;8:18
etudiant;2016-11-27;shower_off;8:31
etudiant;2016-11-27;toothbrush;8:33
etudiant;2016-11-28;door;8:00
etudiant;2016-11-28;light_off;7:58
etudiant;2016-11-28;clock;7:0
etudiant;2016-11-28;heater;6:30
etudiant;2016-11-28;light_on;7:1
etudiant;2016-11-28;coffee;7:11
etudiant;2016-11-28;shower_on;7:23
etudiant;2016-11-28;shower_off;7:28
etudiant;2016-11-28;toothbrush;7:30
etudiant;2016-11-29;door;8:00
etudiant;2016-11-29;light_off;7:58
etudiant;2016-11-29;clock;7:0
etudiant;2016-11-29;heater;6:30
etudiant;2016-11-29;light_on;7:1
etudiant;2016-11-29;coffee;7:10
etudiant;2016-11-29;shower_on;7:19
etudiant;2016-11-29;shower_off;7:23
etudiant;2016-11-29;toothbrush;7:25
etudiant;2016-11-30;door;10:00
etudiant;2016-11-30;light_off;9:58
etudiant;2016-11-30;clock;9:0
etudiant;2016-11-30;heater;8:30
etudiant;2016-11-30;light_on;9:1
etudiant;2016-11-30;coffee;9:8
etudiant;2016-11-30;shower_on;9:19
etudiant;2016-11-30;shower_off;9:24
etudiant;2016-11-30;toothbrush;9:26
etudiant;2016-12-1;door;11:00
etudiant;2016-12-1;light_off;10:58
etudiant;2016-12-1;clock;10:0
etudiant;2016-12-1;heater;9:30
etudiant;2016-12-1;light_on;10:1
etudiant;2016-12-1;coffee;10:13
etudiant;2016-12-1;shower_on;10:23
etudiant;2016-12-1;shower_off;10:30
etudiant;2016-12-1;toothbrush;10:32
etudiant;2016-12-2;door;8:00
etudiant;2016-12-2;light_off;7:58
etudiant;2016-12-2;clock;7:0
etudiant;2016-12-2;heater;6:30
etudiant;2016-12-2;light_on;7:1
etudiant;2016-12-2;coffee;7:8
etudiant;2016-12-2;shower_on;7:21
etudiant;2016-12-2;shower_off;7:27
etudiant;2016-12-2;toothbrush;7:29
etudiant;2016-12-3;door;9:00
etudiant;2016-12-3;light_off;8:58
etudiant;2016-12-3;tv_off;8:55
etudiant;2016-12-3;clock;7:30
etudiant;2016-12-3;heater;7:0
etudiant;2016-12-3;light_on;7:31
etudiant;2016-12-3;coffee;7:47
etudiant;2016-12-3;tv_on;7:47
etudiant;2016-12-3;shower_on;8:25
etudiant;2016-12-3;shower_off;8:35
etudiant;2016-12-3;toothbrush;8:37
etudiant;2016-12-4;door;9:00
etudiant;2016-12-4;light_off;8:58
etudiant;2016-12-4;tv_off;8:55
etudiant;2016-12-4;clock;7:30
etudiant;2016-12-4;heater;7:0
etudiant;2016-12-4;light_on;7:31
etudiant;2016-12-4;coffee;7:44
etudiant;2016-12-4;tv_on;7:44
etudiant;2016-12-4;shower_on;8:12
etudiant;2016-12-4;shower_off;8:22
etudiant;2016-12-4;toothbrush;8:24
etudiant;2016-12-5;door;8:00
etudiant;2016-12-5;light_off;7:58
etudiant;2016-12-5;clock;7:0
etudiant;2016-12-5;heater;6:30
etudiant;2016-12-5;light_on;7:1
etudiant;2016-12-5;coffee;7:12
etudiant;2016-12-5;shower_on;7:21
etudiant;2016-12-5;shower_off;7:27
etudiant;2016-12-5;toothbrush;7:29
etudiant;2016-12-6;door;8:00
etudiant;2016-12-6;light_off;7:58
etudiant;2016-12-6;clock;7:0
etudiant;2016-12-6;heater;6:30
etudiant;2016-12-6;light_on;7:1
etudiant;2016-12-6;coffee;7:12
etudiant;2016-12-6;shower_on;7:23
etudiant;2016-12-6;shower_off;7:27
etudiant;2016-12-6;toothbrush;7:29
etudiant;2016-12-7;door;10:00
etudiant;2016-12-7;light_off;9:58
etudiant;2016-12-7;clock;9:0
etudiant;2016-12-7;heater;8:30
etudiant;2016-12-7;light_on;9:1
etudiant;2016-12-7;coffee;9:13
etudiant;2016-12-7;shower_on;9:21
etudiant;2016-12-7;shower_off;9:26
etudiant;2016-12-7;toothbrush;9:28
etudiant;2016-12-8;door;11:00
etudiant;2016-12-8;light_off;10:58
etudiant;2016-12-8;clock;10:0
etudiant;2016-12-8;heater;9:30
etudiant;2016-12-8;light_on;10:1
etudiant;2016-12-8;coffee;10:8
etudiant;2016-12-8;shower_on;10:19
etudiant;2016-12-8;shower_off;10:26
etudiant;2016-12-8;toothbrush;10:28
etudiant;2016-12-9;door;8:00
etudiant;2016-12-9;light_off;7:58
etudiant;2016-12-9;clock;7:0
etudiant;2016-12-9;heater;6:30
etudiant;2016-12-9;light_on;7:1
etudiant;2016-12-9;coffee;7:13
etudiant;2016-12-9;shower_on;7:21
etudiant;2016-12-9;shower_off;7:28
etudiant;2016-12-9;toothbrush;7:30
etudiant;2016-12-10;door;10:00
etudiant;2016-12-10;light_off;9:58
etudiant;2016-12-10;tv_off;9:55
etudiant;2016-12-10;clock;8:30
etudiant;2016-12-10;heater;8:0
etudiant;2016-12-10;light_on;8:31
etudiant;2016-12-10;coffee;8:44
etudiant;2016-12-10;tv_on;8:44
etudiant;2016-12-10;shower_on;9:7
etudiant;2016-12-10;shower_off;9:16
etudiant;2016-12-10;toothbrush;9:18
etudiant;2016-12-11;door;9:00
etudiant;2016-12-11;light_off;8:58
etudiant;2016-12-11;tv_off;8:55
etudiant;2016-12-11;clock;7:30
etudiant;2016-12-11;heater;7:0
etudiant;2016-12-11;light_on;7:31
etudiant;2016-12-11;coffee;7:48
etudiant;2016-12-11;tv_on;7:48
etudiant;2016-12-11;shower_on;8:10
etudiant;2016-12-11;shower_off;8:21
etudiant;2016-12-11;toothbrush;8:23
etudiant;2016-12-12;door;8:00
etudiant;2016-12-12;light_off;7:58
etudiant;2016-12-12;clock;7:0
etudiant;2016-12-12;heater;6:30
etudiant;2016-12-12;light_on;7:1
etudiant;2016-12-12;coffee;7:9
etudiant;2016-12-12;shower_on;7:17
etudiant;2016-12-12;shower_off;7:22
etudiant;2016-12-12;toothbrush;7:24
etudiant;2016-12-13;door;8:00
etudiant;2016-12-13;light_off;7:58
etudiant;2016-12-13;clock;7:0
etudiant;2016-12-13;heater;6:30
etudiant;2016-12-13;light_on;7:1
etudiant;2016-12-13;coffee;7:12
etudiant;2016-12-13;shower_on;7:20
etudiant;2016-12-13;shower_off;7:25
etudiant;2016-12-13;toothbrush;7:27
etudiant;2016-12-14;door;10:00
etudiant;2016-12-14;light_off;9:58
etudiant;2016-12-14;clock;9:0
etudiant;2016-12-14;heater;8:30
etudiant;2016-12-14;light_on;9:1
etudiant;2016-12-14;coffee;9:13
etudiant;2016-12-14;shower_on;9:22
etudiant;2016-12-14;shower_off;9:28
etudiant;2016-12-14;toothbrush;9:30
etudiant;2016-12-15;door;11:00
etudiant;2016-12-15;light_off;10:58
etudiant;2016-12-15;clock;10:0
etudiant;2016-12-15;heater;9:30
etudiant;2016-12-15;light_on;10:1
etudiant;2016-12-15;coffee;10:12
etudiant;2016-12-15;shower_on;10:24
etudiant;2016-12-15;shower_off;10:30
etudiant;2016-12-15;toothbrush;10:32
etudiant;2016-12-16;door;8:00
etudiant;2016-12-16;light_off;7:58
etudiant;2016-12-16;clock;7:0
etudiant;2016-12-16;heater;6:30
etudiant;2016-12-16;light_on;7:1
etudiant;2016-12-16;coffee;7:10
etudiant;2016-12-16;shower_on;7:22
etudiant;2016-12-16;shower_off;7:27
etudiant;2016-12-16;toothbrush;7:29
etudiant;2016-12-17;door;10:00
etudiant;2016-12-17;light_off;9:58
etudiant;2016-12-17;tv_off;9:55
etudiant;2016-12-17;clock;8:30
etudiant;2016-12-17;heater;8:0
etudiant;2016-12-17;light_on;8:31
etudiant;2016-12-17;coffee;8:44
etudiant;2016-12-17;tv_on;8:44
etudiant;2016-12-17;shower_on;9:12
etudiant;2016-12-17;shower_off;9:21
etudiant;2016-12-17;toothbrush;9:23
etudiant;2016-12-18;door;9:00
etudiant;2016-12-18;light_off;8:58
etudiant;2016-12-18;tv_off;8:55
etudiant;2016-12-18;clock;7:30
etudiant;2016-12-18;heater;7:0
etudiant;2016-12-18;light_on;7:31
etudiant;2016-12-18;coffee;7:48
etudiant;2016-12-18;tv_on;7:48
etudiant;2016-12-18;shower_on;8:15
etudiant;2016-12-18;shower_off;8:26
etudiant;2016-12-18;toothbrush;8:28
etudiant;2016-12-19;door;8:00
etudiant;2016-12-19;light_off;7:58
etudiant;2016-12-19;clock;7:0
etudiant;2016-12-19;heater;6:30
etudiant;2016-12-19;light_on;7:1
etudiant;2016-12-19;coffee;7:10
etudiant;2016-12-19;shower_on;7:22
etudiant;2016-12-19;shower_off;7:28
etudiant;2016-12-19;toothbrush;7:30
etudiant;2016-12-20;door;8:00
etudiant;2016-12-20;light_off;7:58
etudiant;2016-12-20;clock;7:0
etudiant;2016-12-20;heater;6:30
etudiant;2016-12-20;light_on;7:1
etudiant;2016-12-20;coffee;7:9
etudiant;2016-12-20;shower_on;7:21
etudiant;2016-12-20;shower_off;7:27
etudiant;2016-12-20;toothbrush;7:29
etudiant;2016-12-21;door;10:00
etudiant;2016-12-21;light_off;9:58
etudiant;2016-12-21;clock;9:0
etudiant;2016-12-21;heater;8:30
etudiant;2016-12-21;light_on;9:1
etudiant;2016-12-21;coffee;9:10
etudiant;2016-12-21;shower_on;9:18
etudiant;2016-12-21;shower_off;9:22
etudiant;2016-12-21;toothbrush;9:24
etudiant;2016-12-22;door;11:00
etudiant;2016-12-22;light_off;10:58
etudiant;2016-12-22;clock;10:0
etudiant;2016-12-22;heater;9:30
etudiant;2016-12-22;light_on;10:1
etudiant;2016-12-22;coffee;10:12
etudiant;2016-12-22;shower_on;10:21
etudiant;2016-12-22;shower_off;10:28
etudiant;2016-12-22;toothbrush;10:30
etudiant;2016-12-23;door;8:00
etudiant;2016-12-23;light_off;7:58
etudiant;2016-12-23;clock;7:0
etudiant;2016-12-23;heater;6:30
etudiant;2016-12-23;light_on;7:1
etudiant;2016-12-23;coffee;7:13
etudiant;2016-12-23;shower_on;7:22
etudiant;2016-12-23;shower_off;7:29
etudiant;2016-12-23;toothbrush;7:31
etudiant;2016-12-24;door;10:00
etudiant;2016-12-24;light_off;9:58
etudiant;2016-12-24;tv_off;9:55
etudiant;2016-12-24;clock;8:30
etudiant;2016-12-24;heater;8:0
etudiant;2016-12-24;light_on;8:31
etudiant;2016-12-24;coffee;8:46
etudiant;2016-12-24;tv_on;8:46
etudiant;2016-12-24;shower_on;9:26
etudiant;2016-12-24;shower_off;9:36
etudiant;2016-12-24;toothbrush;9:38
etudiant;2016-12-25;door;9:00
etudiant;2016-12-25;light_off;8:58
etudiant;2016-12-25;tv_off;8:55
etudiant;2016-12-25;clock;7:30
etudiant;2016-12-25;heater;7:0
etudiant;2016-12-25;light_on;7:31
etudiant;2016-12-25;coffee;7:44
etudiant;2016-12-25;tv_on;7:44
etudiant;2016-12-25;shower_on;8:21
etudiant;2016-12-25;shower_off;8:32
etudiant;2016-12-25;toothbrush;8:34
etudiant;2016-12-26;door;8:00
etudiant;2016-12-26;light_off;7:58
etudiant;2016-12-26;clock;7:0
etudiant;2016-12-26;heater;6:30
etudiant;2016-12-26;light_on;7:1
etudiant;2016-12-26;coffee;7:11
etudiant;2016-12-26;shower_on;7:21
etudiant;2016-12-26;shower_off;7:28
etudiant;2016-12-26;toothbrush;7:30
etudiant;2016-12-27;door;8:00
etudiant;2016-12-27;light_off;7:58
etudiant;2016-12-27;clock;7:0
etudiant;2016-12-27;heater;6:30
etudiant;2016-12-27;light_on;7:1
etudiant;2016-12-27;coffee;7:12
etudiant;2016-12-27;shower_on;7:20
etudiant;2016-12-27;shower_off;7:25
etudiant;2016-12-27;toothbrush;7:27
etudiant;2016-12-28;door;10:00
etudiant;2016-12-28;light_off;9:58
etudiant;2016-12-28;clock;9:0
etudiant;2016-12-28;heater;8:30
etudiant;2016-12-28;light_on;9:1
etudiant;2016-12-28;coffee;9:12
etudiant;2016-12-28;shower_on;9:24
etudiant;2016-12-28;shower_off;9:29
etudiant;2016-12-28;toothbrush;9:31
etudiant;2016-12-29;door;11:00
etudiant;2016-12-29;light_off;10:58
etudiant;2016-12-29;clock;10:0
etudiant;2016-12-29;heater;9:30
etudiant;2016-12-29;light_on;10:1
etudiant;2016-12-29;coffee;10:10
etudiant;2016-12-29;shower_on;10:20
etudiant;2016-12-29;shower_off;10:26
etudiant;2016-12-29;toothbrush;10:28
etudiant;2016-12-30;door;8:00
etudiant;2016-12-30;light_off;7:58
etudiant;2016-12-30;clock;7:0
etudiant;2016-12-30;heater;6:30
etudiant;2016-12-30;light_on;7:1
etudiant;2016-12-30;coffee;7:8
etudiant;2016-12-30;shower_on;7:16
etudiant;2016-12-30;shower_off;7:23
etudiant;2016-12-30;toothbrush;7:25
etudiant;2016-12-31;door;9:00
etudiant;2016-12-31;light_off;8:58
etudiant;2016-12-31;tv_off;8:55
etudiant;2016-12-31;clock;7:30
etudiant;2016-12-31;heater;7:0
etudiant;2016-12-31;light_on;7:31
etudiant;2016-12-31;coffee;7:45
etudiant;2016-12-31;tv_on;7:45
etudiant;2016-12-31;shower_on;8:23
etudiant;2016-12-31;shower_off;8:36
etudiant;2016-12-31;toothbrush;8:38
