personna; day ; event; time
vc;2016-1-1;garage;9:00
vc;2016-1-1;light_off;8:58
vc;2016-1-1;tv_off;8:55
vc;2016-1-1;clock;7:30
vc;2016-1-1;heater;7:0
vc;2016-1-1;light_on;7:31
vc;2016-1-1;coffee;7:37
vc;2016-1-1;tv_on;7:37
vc;2016-1-1;shower_on;8:6
vc;2016-1-1;shower_off;8:14
vc;2016-1-1;toothbrush;8:16
vc;2016-1-2;garage;9:00
vc;2016-1-2;light_off;8:58
vc;2016-1-2;tv_off;8:55
vc;2016-1-2;clock;7:30
vc;2016-1-2;heater;7:0
vc;2016-1-2;light_on;7:31
vc;2016-1-2;coffee;7:51
vc;2016-1-2;tv_on;7:51
vc;2016-1-2;shower_on;8:30
vc;2016-1-2;shower_off;8:43
vc;2016-1-2;toothbrush;8:45
vc;2016-1-3;garage;10:00
vc;2016-1-3;light_off;9:58
vc;2016-1-3;tv_off;9:55
vc;2016-1-3;clock;8:30
vc;2016-1-3;heater;8:0
vc;2016-1-3;light_on;8:31
vc;2016-1-3;coffee;8:39
vc;2016-1-3;tv_on;8:39
vc;2016-1-3;shower_on;9:10
vc;2016-1-3;shower_off;9:21
vc;2016-1-3;toothbrush;9:23
vc;2016-1-4;garage;8:18
vc;2016-1-4;light_off;8:16
vc;2016-1-4;clock;7:18
vc;2016-1-4;heater;6:48
vc;2016-1-4;light_on;7:19
vc;2016-1-4;coffee;7:30
vc;2016-1-4;shower_on;7:42
vc;2016-1-4;shower_off;7:47
vc;2016-1-4;toothbrush;7:49
vc;2016-1-5;garage;9:22
vc;2016-1-5;light_off;9:20
vc;2016-1-5;clock;8:22
vc;2016-1-5;heater;7:52
vc;2016-1-5;light_on;8:23
vc;2016-1-5;coffee;8:33
vc;2016-1-5;shower_on;8:46
vc;2016-1-5;shower_off;8:50
vc;2016-1-5;toothbrush;8:52
vc;2016-1-6;garage;9:29
vc;2016-1-6;light_off;9:27
vc;2016-1-6;clock;8:29
vc;2016-1-6;heater;7:59
vc;2016-1-6;light_on;8:30
vc;2016-1-6;coffee;8:39
vc;2016-1-6;shower_on;8:51
vc;2016-1-6;shower_off;8:57
vc;2016-1-6;toothbrush;8:59
vc;2016-1-7;garage;8:29
vc;2016-1-7;light_off;8:27
vc;2016-1-7;clock;7:29
vc;2016-1-7;heater;6:59
vc;2016-1-7;light_on;7:30
vc;2016-1-7;coffee;7:39
vc;2016-1-7;shower_on;7:50
vc;2016-1-7;shower_off;7:57
vc;2016-1-7;toothbrush;7:59
vc;2016-1-8;garage;9:14
vc;2016-1-8;light_off;9:12
vc;2016-1-8;clock;8:14
vc;2016-1-8;heater;7:44
vc;2016-1-8;light_on;8:15
vc;2016-1-8;coffee;8:26
vc;2016-1-8;shower_on;8:36
vc;2016-1-8;shower_off;8:40
vc;2016-1-8;toothbrush;8:42
vc;2016-1-9;garage;9:00
vc;2016-1-9;light_off;8:58
vc;2016-1-9;tv_off;8:55
vc;2016-1-9;clock;7:30
vc;2016-1-9;heater;7:0
vc;2016-1-9;light_on;7:31
vc;2016-1-9;coffee;7:41
vc;2016-1-9;tv_on;7:41
vc;2016-1-9;shower_on;8:13
vc;2016-1-9;shower_off;8:21
vc;2016-1-9;toothbrush;8:23
vc;2016-1-10;garage;10:00
vc;2016-1-10;light_off;9:58
vc;2016-1-10;tv_off;9:55
vc;2016-1-10;clock;8:30
vc;2016-1-10;heater;8:0
vc;2016-1-10;light_on;8:31
vc;2016-1-10;coffee;8:37
vc;2016-1-10;tv_on;8:37
vc;2016-1-10;shower_on;9:0
vc;2016-1-10;shower_off;9:8
vc;2016-1-10;toothbrush;9:10
vc;2016-1-11;garage;9:22
vc;2016-1-11;light_off;9:20
vc;2016-1-11;clock;8:22
vc;2016-1-11;heater;7:52
vc;2016-1-11;light_on;8:23
vc;2016-1-11;coffee;8:35
vc;2016-1-11;shower_on;8:44
vc;2016-1-11;shower_off;8:50
vc;2016-1-11;toothbrush;8:52
vc;2016-1-12;garage;9:3
vc;2016-1-12;light_off;9:1
vc;2016-1-12;clock;8:3
vc;2016-1-12;heater;7:33
vc;2016-1-12;light_on;8:4
vc;2016-1-12;coffee;8:15
vc;2016-1-12;shower_on;8:26
vc;2016-1-12;shower_off;8:30
vc;2016-1-12;toothbrush;8:32
vc;2016-1-13;garage;9:18
vc;2016-1-13;light_off;9:16
vc;2016-1-13;clock;8:18
vc;2016-1-13;heater;7:48
vc;2016-1-13;light_on;8:19
vc;2016-1-13;coffee;8:29
vc;2016-1-13;shower_on;8:37
vc;2016-1-13;shower_off;8:43
vc;2016-1-13;toothbrush;8:45
vc;2016-1-14;garage;8:22
vc;2016-1-14;light_off;8:20
vc;2016-1-14;clock;7:22
vc;2016-1-14;heater;6:52
vc;2016-1-14;light_on;7:23
vc;2016-1-14;coffee;7:34
vc;2016-1-14;shower_on;7:43
vc;2016-1-14;shower_off;7:49
vc;2016-1-14;toothbrush;7:51
vc;2016-1-15;garage;8:18
vc;2016-1-15;light_off;8:16
vc;2016-1-15;clock;7:18
vc;2016-1-15;heater;6:48
vc;2016-1-15;light_on;7:19
vc;2016-1-15;coffee;7:26
vc;2016-1-15;shower_on;7:35
vc;2016-1-15;shower_off;7:39
vc;2016-1-15;toothbrush;7:41
vc;2016-1-16;garage;10:00
vc;2016-1-16;light_off;9:58
vc;2016-1-16;tv_off;9:55
vc;2016-1-16;clock;8:30
vc;2016-1-16;heater;8:0
vc;2016-1-16;light_on;8:31
vc;2016-1-16;coffee;8:48
vc;2016-1-16;tv_on;8:48
vc;2016-1-16;shower_on;9:9
vc;2016-1-16;shower_off;9:21
vc;2016-1-16;toothbrush;9:23
vc;2016-1-16;clock;8:0
vc;2016-1-16;heater;7:30
vc;2016-1-16;light_on;5:35
vc;2016-1-16;coffee;5:39
vc;2016-1-16;door;5:42
vc;2016-1-17;garage;10:00
vc;2016-1-17;light_off;9:58
vc;2016-1-17;tv_off;9:55
vc;2016-1-17;clock;8:30
vc;2016-1-17;heater;8:0
vc;2016-1-17;light_on;8:31
vc;2016-1-17;coffee;8:51
vc;2016-1-17;tv_on;8:51
vc;2016-1-17;shower_on;9:29
vc;2016-1-17;shower_off;9:37
vc;2016-1-17;toothbrush;9:39
vc;2016-1-18;garage;9:22
vc;2016-1-18;light_off;9:20
vc;2016-1-18;clock;8:22
vc;2016-1-18;heater;7:52
vc;2016-1-18;light_on;8:23
vc;2016-1-18;coffee;8:34
vc;2016-1-18;shower_on;8:47
vc;2016-1-18;shower_off;8:51
vc;2016-1-18;toothbrush;8:53
vc;2016-1-19;garage;8:37
vc;2016-1-19;light_off;8:35
vc;2016-1-19;clock;7:37
vc;2016-1-19;heater;7:7
vc;2016-1-19;light_on;7:38
vc;2016-1-19;coffee;7:50
vc;2016-1-19;shower_on;8:1
vc;2016-1-19;shower_off;8:6
vc;2016-1-19;toothbrush;8:8
vc;2016-1-19;clock;8:0
vc;2016-1-19;heater;7:30
vc;2016-1-19;light_on;6:18
vc;2016-1-19;coffee;6:23
vc;2016-1-19;door;6:26
vc;2016-1-20;garage;8:30
vc;2016-1-20;light_off;8:28
vc;2016-1-20;clock;7:30
vc;2016-1-20;heater;7:0
vc;2016-1-20;light_on;7:31
vc;2016-1-20;coffee;7:40
vc;2016-1-20;shower_on;7:48
vc;2016-1-20;shower_off;7:53
vc;2016-1-20;toothbrush;7:55
vc;2016-1-21;garage;9:22
vc;2016-1-21;light_off;9:20
vc;2016-1-21;clock;8:22
vc;2016-1-21;heater;7:52
vc;2016-1-21;light_on;8:23
vc;2016-1-21;coffee;8:32
vc;2016-1-21;shower_on;8:44
vc;2016-1-21;shower_off;8:50
vc;2016-1-21;toothbrush;8:52
vc;2016-1-22;garage;9:7
vc;2016-1-22;light_off;9:5
vc;2016-1-22;clock;8:7
vc;2016-1-22;heater;7:37
vc;2016-1-22;light_on;8:8
vc;2016-1-22;coffee;8:19
vc;2016-1-22;shower_on;8:30
vc;2016-1-22;shower_off;8:35
vc;2016-1-22;toothbrush;8:37
vc;2016-1-23;garage;9:00
vc;2016-1-23;light_off;8:58
vc;2016-1-23;tv_off;8:55
vc;2016-1-23;clock;7:30
vc;2016-1-23;heater;7:0
vc;2016-1-23;light_on;7:31
vc;2016-1-23;coffee;7:38
vc;2016-1-23;tv_on;7:38
vc;2016-1-23;shower_on;8:14
vc;2016-1-23;shower_off;8:25
vc;2016-1-23;toothbrush;8:27
vc;2016-1-24;garage;9:00
vc;2016-1-24;light_off;8:58
vc;2016-1-24;tv_off;8:55
vc;2016-1-24;clock;7:30
vc;2016-1-24;heater;7:0
vc;2016-1-24;light_on;7:31
vc;2016-1-24;coffee;7:52
vc;2016-1-24;tv_on;7:52
vc;2016-1-24;shower_on;8:18
vc;2016-1-24;shower_off;8:27
vc;2016-1-24;toothbrush;8:29
vc;2016-1-25;garage;9:41
vc;2016-1-25;light_off;9:39
vc;2016-1-25;clock;8:41
vc;2016-1-25;heater;8:11
vc;2016-1-25;light_on;8:42
vc;2016-1-25;coffee;8:53
vc;2016-1-25;shower_on;9:4
vc;2016-1-25;shower_off;9:9
vc;2016-1-25;toothbrush;9:11
vc;2016-1-26;garage;8:18
vc;2016-1-26;light_off;8:16
vc;2016-1-26;clock;7:18
vc;2016-1-26;heater;6:48
vc;2016-1-26;light_on;7:19
vc;2016-1-26;coffee;7:26
vc;2016-1-26;shower_on;7:39
vc;2016-1-26;shower_off;7:43
vc;2016-1-26;toothbrush;7:45
vc;2016-1-27;garage;8:44
vc;2016-1-27;light_off;8:42
vc;2016-1-27;clock;7:44
vc;2016-1-27;heater;7:14
vc;2016-1-27;light_on;7:45
vc;2016-1-27;coffee;7:57
vc;2016-1-27;shower_on;8:9
vc;2016-1-27;shower_off;8:15
vc;2016-1-27;toothbrush;8:17
vc;2016-1-28;garage;9:15
vc;2016-1-28;light_off;9:13
vc;2016-1-28;clock;8:15
vc;2016-1-28;heater;7:45
vc;2016-1-28;light_on;8:16
vc;2016-1-28;coffee;8:24
vc;2016-1-28;shower_on;8:37
vc;2016-1-28;shower_off;8:43
vc;2016-1-28;toothbrush;8:45
vc;2016-1-29;garage;8:30
vc;2016-1-29;light_off;8:28
vc;2016-1-29;clock;7:30
vc;2016-1-29;heater;7:0
vc;2016-1-29;light_on;7:31
vc;2016-1-29;coffee;7:41
vc;2016-1-29;shower_on;7:53
vc;2016-1-29;shower_off;8:0
vc;2016-1-29;toothbrush;8:2
vc;2016-1-30;garage;10:00
vc;2016-1-30;light_off;9:58
vc;2016-1-30;tv_off;9:55
vc;2016-1-30;clock;8:30
vc;2016-1-30;heater;8:0
vc;2016-1-30;light_on;8:31
vc;2016-1-30;coffee;8:47
vc;2016-1-30;tv_on;8:47
vc;2016-1-30;shower_on;9:8
vc;2016-1-30;shower_off;9:20
vc;2016-1-30;toothbrush;9:22
vc;2016-1-31;garage;9:00
vc;2016-1-31;light_off;8:58
vc;2016-1-31;tv_off;8:55
vc;2016-1-31;clock;7:30
vc;2016-1-31;heater;7:0
vc;2016-1-31;light_on;7:31
vc;2016-1-31;coffee;7:40
vc;2016-1-31;tv_on;7:40
vc;2016-1-31;shower_on;8:6
vc;2016-1-31;shower_off;8:18
vc;2016-1-31;toothbrush;8:20
vc;2016-2-1;garage;8:22
vc;2016-2-1;light_off;8:20
vc;2016-2-1;clock;7:22
vc;2016-2-1;heater;6:52
vc;2016-2-1;light_on;7:23
vc;2016-2-1;coffee;7:35
vc;2016-2-1;shower_on;7:43
vc;2016-2-1;shower_off;7:48
vc;2016-2-1;toothbrush;7:50
vc;2016-2-2;garage;9:15
vc;2016-2-2;light_off;9:13
vc;2016-2-2;clock;8:15
vc;2016-2-2;heater;7:45
vc;2016-2-2;light_on;8:16
vc;2016-2-2;coffee;8:25
vc;2016-2-2;shower_on;8:33
vc;2016-2-2;shower_off;8:39
vc;2016-2-2;toothbrush;8:41
vc;2016-2-2;clock;8:0
vc;2016-2-2;heater;7:30
vc;2016-2-2;light_on;5:45
vc;2016-2-2;coffee;5:50
vc;2016-2-2;door;5:53
vc;2016-2-3;garage;8:29
vc;2016-2-3;light_off;8:27
vc;2016-2-3;clock;7:29
vc;2016-2-3;heater;6:59
vc;2016-2-3;light_on;7:30
vc;2016-2-3;coffee;7:42
vc;2016-2-3;shower_on;7:53
vc;2016-2-3;shower_off;7:59
vc;2016-2-3;toothbrush;8:1
vc;2016-2-3;clock;8:0
vc;2016-2-3;heater;7:30
vc;2016-2-3;light_on;6:0
vc;2016-2-3;coffee;6:6
vc;2016-2-3;door;6:9
vc;2016-2-4;garage;8:59
vc;2016-2-4;light_off;8:57
vc;2016-2-4;clock;7:59
vc;2016-2-4;heater;7:29
vc;2016-2-4;light_on;8:0
vc;2016-2-4;coffee;8:7
vc;2016-2-4;shower_on;8:16
vc;2016-2-4;shower_off;8:23
vc;2016-2-4;toothbrush;8:25
vc;2016-2-5;garage;9:30
vc;2016-2-5;light_off;9:28
vc;2016-2-5;clock;8:30
vc;2016-2-5;heater;8:0
vc;2016-2-5;light_on;8:31
vc;2016-2-5;coffee;8:41
vc;2016-2-5;shower_on;8:53
vc;2016-2-5;shower_off;8:58
vc;2016-2-5;toothbrush;9:0
vc;2016-2-6;garage;9:00
vc;2016-2-6;light_off;8:58
vc;2016-2-6;tv_off;8:55
vc;2016-2-6;clock;7:30
vc;2016-2-6;heater;7:0
vc;2016-2-6;light_on;7:31
vc;2016-2-6;coffee;7:49
vc;2016-2-6;tv_on;7:49
vc;2016-2-6;shower_on;8:15
vc;2016-2-6;shower_off;8:23
vc;2016-2-6;toothbrush;8:25
vc;2016-2-16;garage;8:22
vc;2016-2-16;light_off;8:20
vc;2016-2-16;clock;7:22
vc;2016-2-16;heater;6:52
vc;2016-2-16;light_on;7:23
vc;2016-2-16;coffee;7:34
vc;2016-2-16;shower_on;7:42
vc;2016-2-16;shower_off;7:46
vc;2016-2-16;toothbrush;7:48
vc;2016-2-17;garage;8:59
vc;2016-2-17;light_off;8:57
vc;2016-2-17;clock;7:59
vc;2016-2-17;heater;7:29
vc;2016-2-17;light_on;8:0
vc;2016-2-17;coffee;8:7
vc;2016-2-17;shower_on;8:18
vc;2016-2-17;shower_off;8:23
vc;2016-2-17;toothbrush;8:25
vc;2016-2-18;garage;9:22
vc;2016-2-18;light_off;9:20
vc;2016-2-18;clock;8:22
vc;2016-2-18;heater;7:52
vc;2016-2-18;light_on;8:23
vc;2016-2-18;coffee;8:34
vc;2016-2-18;shower_on;8:42
vc;2016-2-18;shower_off;8:49
vc;2016-2-18;toothbrush;8:51
vc;2016-2-19;garage;9:22
vc;2016-2-19;light_off;9:20
vc;2016-2-19;clock;8:22
vc;2016-2-19;heater;7:52
vc;2016-2-19;light_on;8:23
vc;2016-2-19;coffee;8:31
vc;2016-2-19;shower_on;8:44
vc;2016-2-19;shower_off;8:49
vc;2016-2-19;toothbrush;8:51
vc;2016-2-20;garage;9:00
vc;2016-2-20;light_off;8:58
vc;2016-2-20;tv_off;8:55
vc;2016-2-20;clock;7:30
vc;2016-2-20;heater;7:0
vc;2016-2-20;light_on;7:31
vc;2016-2-20;coffee;7:47
vc;2016-2-20;tv_on;7:47
vc;2016-2-20;shower_on;8:10
vc;2016-2-20;shower_off;8:21
vc;2016-2-20;toothbrush;8:23
vc;2016-2-20;clock;8:0
vc;2016-2-20;heater;7:30
vc;2016-2-20;light_on;5:58
vc;2016-2-20;coffee;6:3
vc;2016-2-20;door;6:6
vc;2016-2-21;garage;10:00
vc;2016-2-21;light_off;9:58
vc;2016-2-21;tv_off;9:55
vc;2016-2-21;clock;8:30
vc;2016-2-21;heater;8:0
vc;2016-2-21;light_on;8:31
vc;2016-2-21;coffee;8:41
vc;2016-2-21;tv_on;8:41
vc;2016-2-21;shower_on;9:9
vc;2016-2-21;shower_off;9:17
vc;2016-2-21;toothbrush;9:19
vc;2016-2-21;clock;8:0
vc;2016-2-21;heater;7:30
vc;2016-2-21;light_on;5:44
vc;2016-2-21;coffee;5:47
vc;2016-2-21;door;5:50
vc;2016-2-22;garage;9:7
vc;2016-2-22;light_off;9:5
vc;2016-2-22;clock;8:7
vc;2016-2-22;heater;7:37
vc;2016-2-22;light_on;8:8
vc;2016-2-22;coffee;8:20
vc;2016-2-22;shower_on;8:29
vc;2016-2-22;shower_off;8:35
vc;2016-2-22;toothbrush;8:37
vc;2016-2-22;clock;8:0
vc;2016-2-22;heater;7:30
vc;2016-2-22;light_on;5:13
vc;2016-2-22;coffee;5:16
vc;2016-2-22;door;5:19
vc;2016-2-23;garage;9:30
vc;2016-2-23;light_off;9:28
vc;2016-2-23;clock;8:30
vc;2016-2-23;heater;8:0
vc;2016-2-23;light_on;8:31
vc;2016-2-23;coffee;8:42
vc;2016-2-23;shower_on;8:53
vc;2016-2-23;shower_off;9:0
vc;2016-2-23;toothbrush;9:2
vc;2016-2-24;garage;8:29
vc;2016-2-24;light_off;8:27
vc;2016-2-24;clock;7:29
vc;2016-2-24;heater;6:59
vc;2016-2-24;light_on;7:30
vc;2016-2-24;coffee;7:38
vc;2016-2-24;shower_on;7:46
vc;2016-2-24;shower_off;7:51
vc;2016-2-24;toothbrush;7:53
vc;2016-2-25;garage;8:48
vc;2016-2-25;light_off;8:46
vc;2016-2-25;clock;7:48
vc;2016-2-25;heater;7:18
vc;2016-2-25;light_on;7:49
vc;2016-2-25;coffee;8:0
vc;2016-2-25;shower_on;8:13
vc;2016-2-25;shower_off;8:19
vc;2016-2-25;toothbrush;8:21
vc;2016-2-26;garage;9:18
vc;2016-2-26;light_off;9:16
vc;2016-2-26;clock;8:18
vc;2016-2-26;heater;7:48
vc;2016-2-26;light_on;8:19
vc;2016-2-26;coffee;8:29
vc;2016-2-26;shower_on;8:38
vc;2016-2-26;shower_off;8:43
vc;2016-2-26;toothbrush;8:45
vc;2016-2-26;clock;8:0
vc;2016-2-26;heater;7:30
vc;2016-2-26;light_on;5:11
vc;2016-2-26;coffee;5:17
vc;2016-2-26;door;5:20
vc;2016-2-27;garage;9:00
vc;2016-2-27;light_off;8:58
vc;2016-2-27;tv_off;8:55
vc;2016-2-27;clock;7:30
vc;2016-2-27;heater;7:0
vc;2016-2-27;light_on;7:31
vc;2016-2-27;coffee;7:47
vc;2016-2-27;tv_on;7:47
vc;2016-2-27;shower_on;8:23
vc;2016-2-27;shower_off;8:31
vc;2016-2-27;toothbrush;8:33
vc;2016-2-27;clock;8:0
vc;2016-2-27;heater;7:30
vc;2016-2-27;light_on;6:2
vc;2016-2-27;coffee;6:8
vc;2016-2-27;door;6:11
vc;2016-2-28;garage;9:00
vc;2016-2-28;light_off;8:58
vc;2016-2-28;tv_off;8:55
vc;2016-2-28;clock;7:30
vc;2016-2-28;heater;7:0
vc;2016-2-28;light_on;7:31
vc;2016-2-28;coffee;7:54
vc;2016-2-28;tv_on;7:54
vc;2016-2-28;shower_on;8:23
vc;2016-2-28;shower_off;8:32
vc;2016-2-28;toothbrush;8:34
vc;2016-2-29;garage;9:45
vc;2016-2-29;light_off;9:43
vc;2016-2-29;clock;8:45
vc;2016-2-29;heater;8:15
vc;2016-2-29;light_on;8:46
vc;2016-2-29;coffee;8:56
vc;2016-2-29;shower_on;9:8
vc;2016-2-29;shower_off;9:14
vc;2016-2-29;toothbrush;9:16
vc;2016-3-1;garage;8:26
vc;2016-3-1;light_off;8:24
vc;2016-3-1;clock;7:26
vc;2016-3-1;heater;6:56
vc;2016-3-1;light_on;7:27
vc;2016-3-1;coffee;7:34
vc;2016-3-1;shower_on;7:46
vc;2016-3-1;shower_off;7:52
vc;2016-3-1;toothbrush;7:54
vc;2016-3-2;garage;9:37
vc;2016-3-2;light_off;9:35
vc;2016-3-2;clock;8:37
vc;2016-3-2;heater;8:7
vc;2016-3-2;light_on;8:38
vc;2016-3-2;coffee;8:49
vc;2016-3-2;shower_on;8:57
vc;2016-3-2;shower_off;9:3
vc;2016-3-2;toothbrush;9:5
vc;2016-3-3;garage;9:26
vc;2016-3-3;light_off;9:24
vc;2016-3-3;clock;8:26
vc;2016-3-3;heater;7:56
vc;2016-3-3;light_on;8:27
vc;2016-3-3;coffee;8:39
vc;2016-3-3;shower_on;8:48
vc;2016-3-3;shower_off;8:52
vc;2016-3-3;toothbrush;8:54
vc;2016-3-4;garage;9:41
vc;2016-3-4;light_off;9:39
vc;2016-3-4;clock;8:41
vc;2016-3-4;heater;8:11
vc;2016-3-4;light_on;8:42
vc;2016-3-4;coffee;8:50
vc;2016-3-4;shower_on;9:1
vc;2016-3-4;shower_off;9:6
vc;2016-3-4;toothbrush;9:8
vc;2016-3-5;garage;9:00
vc;2016-3-5;light_off;8:58
vc;2016-3-5;tv_off;8:55
vc;2016-3-5;clock;7:30
vc;2016-3-5;heater;7:0
vc;2016-3-5;light_on;7:31
vc;2016-3-5;coffee;7:39
vc;2016-3-5;tv_on;7:39
vc;2016-3-5;shower_on;8:11
vc;2016-3-5;shower_off;8:22
vc;2016-3-5;toothbrush;8:24
vc;2016-3-6;garage;10:00
vc;2016-3-6;light_off;9:58
vc;2016-3-6;tv_off;9:55
vc;2016-3-6;clock;8:30
vc;2016-3-6;heater;8:0
vc;2016-3-6;light_on;8:31
vc;2016-3-6;coffee;8:54
vc;2016-3-6;tv_on;8:54
vc;2016-3-6;shower_on;9:27
vc;2016-3-6;shower_off;9:35
vc;2016-3-6;toothbrush;9:37
vc;2016-3-7;garage;9:7
vc;2016-3-7;light_off;9:5
vc;2016-3-7;clock;8:7
vc;2016-3-7;heater;7:37
vc;2016-3-7;light_on;8:8
vc;2016-3-7;coffee;8:20
vc;2016-3-7;shower_on;8:32
vc;2016-3-7;shower_off;8:39
vc;2016-3-7;toothbrush;8:41
vc;2016-3-8;garage;9:45
vc;2016-3-8;light_off;9:43
vc;2016-3-8;clock;8:45
vc;2016-3-8;heater;8:15
vc;2016-3-8;light_on;8:46
vc;2016-3-8;coffee;8:54
vc;2016-3-8;shower_on;9:7
vc;2016-3-8;shower_off;9:12
vc;2016-3-8;toothbrush;9:14
vc;2016-3-8;clock;8:0
vc;2016-3-8;heater;7:30
vc;2016-3-8;light_on;5:47
vc;2016-3-8;coffee;5:51
vc;2016-3-8;door;5:54
vc;2016-3-9;garage;9:33
vc;2016-3-9;light_off;9:31
vc;2016-3-9;clock;8:33
vc;2016-3-9;heater;8:3
vc;2016-3-9;light_on;8:34
vc;2016-3-9;coffee;8:46
vc;2016-3-9;shower_on;8:56
vc;2016-3-9;shower_off;9:3
vc;2016-3-9;toothbrush;9:5
vc;2016-3-10;garage;8:52
vc;2016-3-10;light_off;8:50
vc;2016-3-10;clock;7:52
vc;2016-3-10;heater;7:22
vc;2016-3-10;light_on;7:53
vc;2016-3-10;coffee;8:0
vc;2016-3-10;shower_on;8:13
vc;2016-3-10;shower_off;8:17
vc;2016-3-10;toothbrush;8:19
vc;2016-3-11;garage;8:41
vc;2016-3-11;light_off;8:39
vc;2016-3-11;clock;7:41
vc;2016-3-11;heater;7:11
vc;2016-3-11;light_on;7:42
vc;2016-3-11;coffee;7:50
vc;2016-3-11;shower_on;8:2
vc;2016-3-11;shower_off;8:8
vc;2016-3-11;toothbrush;8:10
vc;2016-3-12;garage;9:00
vc;2016-3-12;light_off;8:58
vc;2016-3-12;tv_off;8:55
vc;2016-3-12;clock;7:30
vc;2016-3-12;heater;7:0
vc;2016-3-12;light_on;7:31
vc;2016-3-12;coffee;7:52
vc;2016-3-12;tv_on;7:52
vc;2016-3-12;shower_on;8:20
vc;2016-3-12;shower_off;8:28
vc;2016-3-12;toothbrush;8:30
vc;2016-3-12;clock;8:0
vc;2016-3-12;heater;7:30
vc;2016-3-12;light_on;6:1
vc;2016-3-12;coffee;6:5
vc;2016-3-12;door;6:8
vc;2016-3-13;garage;10:00
vc;2016-3-13;light_off;9:58
vc;2016-3-13;tv_off;9:55
vc;2016-3-13;clock;8:30
vc;2016-3-13;heater;8:0
vc;2016-3-13;light_on;8:31
vc;2016-3-13;coffee;8:55
vc;2016-3-13;tv_on;8:55
vc;2016-3-13;shower_on;9:20
vc;2016-3-13;shower_off;9:30
vc;2016-3-13;toothbrush;9:32
vc;2016-3-14;garage;9:3
vc;2016-3-14;light_off;9:1
vc;2016-3-14;clock;8:3
vc;2016-3-14;heater;7:33
vc;2016-3-14;light_on;8:4
vc;2016-3-14;coffee;8:14
vc;2016-3-14;shower_on;8:24
vc;2016-3-14;shower_off;8:31
vc;2016-3-14;toothbrush;8:33
vc;2016-3-14;clock;8:0
vc;2016-3-14;heater;7:30
vc;2016-3-14;light_on;6:14
vc;2016-3-14;coffee;6:18
vc;2016-3-14;door;6:21
vc;2016-3-15;garage;8:48
vc;2016-3-15;light_off;8:46
vc;2016-3-15;clock;7:48
vc;2016-3-15;heater;7:18
vc;2016-3-15;light_on;7:49
vc;2016-3-15;coffee;7:56
vc;2016-3-15;shower_on;8:8
vc;2016-3-15;shower_off;8:12
vc;2016-3-15;toothbrush;8:14
vc;2016-3-16;garage;9:3
vc;2016-3-16;light_off;9:1
vc;2016-3-16;clock;8:3
vc;2016-3-16;heater;7:33
vc;2016-3-16;light_on;8:4
vc;2016-3-16;coffee;8:16
vc;2016-3-16;shower_on;8:25
vc;2016-3-16;shower_off;8:31
vc;2016-3-16;toothbrush;8:33
vc;2016-3-17;garage;9:30
vc;2016-3-17;light_off;9:28
vc;2016-3-17;clock;8:30
vc;2016-3-17;heater;8:0
vc;2016-3-17;light_on;8:31
vc;2016-3-17;coffee;8:43
vc;2016-3-17;shower_on;8:56
vc;2016-3-17;shower_off;9:1
vc;2016-3-17;toothbrush;9:3
vc;2016-3-17;clock;8:0
vc;2016-3-17;heater;7:30
vc;2016-3-17;light_on;5:24
vc;2016-3-17;coffee;5:29
vc;2016-3-17;door;5:32
vc;2016-3-18;garage;9:33
vc;2016-3-18;light_off;9:31
vc;2016-3-18;clock;8:33
vc;2016-3-18;heater;8:3
vc;2016-3-18;light_on;8:34
vc;2016-3-18;coffee;8:45
vc;2016-3-18;shower_on;8:56
vc;2016-3-18;shower_off;9:1
vc;2016-3-18;toothbrush;9:3
vc;2016-3-18;clock;8:0
vc;2016-3-18;heater;7:30
vc;2016-3-18;light_on;5:54
vc;2016-3-18;coffee;5:58
vc;2016-3-18;door;6:1
vc;2016-3-19;garage;9:00
vc;2016-3-19;light_off;8:58
vc;2016-3-19;tv_off;8:55
vc;2016-3-19;clock;7:30
vc;2016-3-19;heater;7:0
vc;2016-3-19;light_on;7:31
vc;2016-3-19;coffee;7:54
vc;2016-3-19;tv_on;7:54
vc;2016-3-19;shower_on;8:20
vc;2016-3-19;shower_off;8:33
vc;2016-3-19;toothbrush;8:35
vc;2016-3-20;garage;10:00
vc;2016-3-20;light_off;9:58
vc;2016-3-20;tv_off;9:55
vc;2016-3-20;clock;8:30
vc;2016-3-20;heater;8:0
vc;2016-3-20;light_on;8:31
vc;2016-3-20;coffee;8:47
vc;2016-3-20;tv_on;8:47
vc;2016-3-20;shower_on;9:16
vc;2016-3-20;shower_off;9:27
vc;2016-3-20;toothbrush;9:29
vc;2016-3-21;garage;8:37
vc;2016-3-21;light_off;8:35
vc;2016-3-21;clock;7:37
vc;2016-3-21;heater;7:7
vc;2016-3-21;light_on;7:38
vc;2016-3-21;coffee;7:48
vc;2016-3-21;shower_on;7:59
vc;2016-3-21;shower_off;8:5
vc;2016-3-21;toothbrush;8:7
vc;2016-3-22;garage;9:22
vc;2016-3-22;light_off;9:20
vc;2016-3-22;clock;8:22
vc;2016-3-22;heater;7:52
vc;2016-3-22;light_on;8:23
vc;2016-3-22;coffee;8:32
vc;2016-3-22;shower_on;8:45
vc;2016-3-22;shower_off;8:52
vc;2016-3-22;toothbrush;8:54
vc;2016-3-23;garage;8:37
vc;2016-3-23;light_off;8:35
vc;2016-3-23;clock;7:37
vc;2016-3-23;heater;7:7
vc;2016-3-23;light_on;7:38
vc;2016-3-23;coffee;7:49
vc;2016-3-23;shower_on;8:0
vc;2016-3-23;shower_off;8:6
vc;2016-3-23;toothbrush;8:8
vc;2016-3-23;clock;8:0
vc;2016-3-23;heater;7:30
vc;2016-3-23;light_on;6:7
vc;2016-3-23;coffee;6:10
vc;2016-3-23;door;6:13
vc;2016-3-24;garage;9:7
vc;2016-3-24;light_off;9:5
vc;2016-3-24;clock;8:7
vc;2016-3-24;heater;7:37
vc;2016-3-24;light_on;8:8
vc;2016-3-24;coffee;8:18
vc;2016-3-24;shower_on;8:27
vc;2016-3-24;shower_off;8:32
vc;2016-3-24;toothbrush;8:34
vc;2016-3-25;garage;8:30
vc;2016-3-25;light_off;8:28
vc;2016-3-25;clock;7:30
vc;2016-3-25;heater;7:0
vc;2016-3-25;light_on;7:31
vc;2016-3-25;coffee;7:40
vc;2016-3-25;shower_on;7:50
vc;2016-3-25;shower_off;7:55
vc;2016-3-25;toothbrush;7:57
vc;2016-3-26;garage;9:00
vc;2016-3-26;light_off;8:58
vc;2016-3-26;tv_off;8:55
vc;2016-3-26;clock;7:30
vc;2016-3-26;heater;7:0
vc;2016-3-26;light_on;7:31
vc;2016-3-26;coffee;7:44
vc;2016-3-26;tv_on;7:44
vc;2016-3-26;shower_on;8:10
vc;2016-3-26;shower_off;8:21
vc;2016-3-26;toothbrush;8:23
vc;2016-3-27;garage;10:00
vc;2016-3-27;light_off;9:58
vc;2016-3-27;tv_off;9:55
vc;2016-3-27;clock;8:30
vc;2016-3-27;heater;8:0
vc;2016-3-27;light_on;8:31
vc;2016-3-27;coffee;8:40
vc;2016-3-27;tv_on;8:40
vc;2016-3-27;shower_on;9:8
vc;2016-3-27;shower_off;9:17
vc;2016-3-27;toothbrush;9:19
vc;2016-3-28;garage;9:00
vc;2016-3-28;light_off;8:58
vc;2016-3-28;tv_off;8:55
vc;2016-3-28;clock;7:30
vc;2016-3-28;heater;7:0
vc;2016-3-28;light_on;7:31
vc;2016-3-28;coffee;7:42
vc;2016-3-28;tv_on;7:42
vc;2016-3-28;shower_on;8:9
vc;2016-3-28;shower_off;8:17
vc;2016-3-28;toothbrush;8:19
vc;2016-3-29;garage;8:48
vc;2016-3-29;light_off;8:46
vc;2016-3-29;clock;7:48
vc;2016-3-29;heater;7:18
vc;2016-3-29;light_on;7:49
vc;2016-3-29;coffee;7:59
vc;2016-3-29;shower_on;8:10
vc;2016-3-29;shower_off;8:17
vc;2016-3-29;toothbrush;8:19
vc;2016-3-30;garage;9:3
vc;2016-3-30;light_off;9:1
vc;2016-3-30;clock;8:3
vc;2016-3-30;heater;7:33
vc;2016-3-30;light_on;8:4
vc;2016-3-30;coffee;8:13
vc;2016-3-30;shower_on;8:26
vc;2016-3-30;shower_off;8:33
vc;2016-3-30;toothbrush;8:35
vc;2016-3-31;garage;9:33
vc;2016-3-31;light_off;9:31
vc;2016-3-31;clock;8:33
vc;2016-3-31;heater;8:3
vc;2016-3-31;light_on;8:34
vc;2016-3-31;coffee;8:45
vc;2016-3-31;shower_on;8:55
vc;2016-3-31;shower_off;9:0
vc;2016-3-31;toothbrush;9:2
vc;2016-4-1;garage;8:56
vc;2016-4-1;light_off;8:54
vc;2016-4-1;clock;7:56
vc;2016-4-1;heater;7:26
vc;2016-4-1;light_on;7:57
vc;2016-4-1;coffee;8:7
vc;2016-4-1;shower_on;8:15
vc;2016-4-1;shower_off;8:21
vc;2016-4-1;toothbrush;8:23
vc;2016-4-2;garage;10:00
vc;2016-4-2;light_off;9:58
vc;2016-4-2;tv_off;9:55
vc;2016-4-2;clock;8:30
vc;2016-4-2;heater;8:0
vc;2016-4-2;light_on;8:31
vc;2016-4-2;coffee;8:55
vc;2016-4-2;tv_on;8:55
vc;2016-4-2;shower_on;9:29
vc;2016-4-2;shower_off;9:39
vc;2016-4-2;toothbrush;9:41
vc;2016-4-2;clock;8:0
vc;2016-4-2;heater;7:30
vc;2016-4-2;light_on;6:19
vc;2016-4-2;coffee;6:24
vc;2016-4-2;door;6:27
vc;2016-4-3;garage;10:00
vc;2016-4-3;light_off;9:58
vc;2016-4-3;tv_off;9:55
vc;2016-4-3;clock;8:30
vc;2016-4-3;heater;8:0
vc;2016-4-3;light_on;8:31
vc;2016-4-3;coffee;8:47
vc;2016-4-3;tv_on;8:47
vc;2016-4-3;shower_on;9:10
vc;2016-4-3;shower_off;9:18
vc;2016-4-3;toothbrush;9:20
vc;2016-4-4;garage;8:37
vc;2016-4-4;light_off;8:35
vc;2016-4-4;clock;7:37
vc;2016-4-4;heater;7:7
vc;2016-4-4;light_on;7:38
vc;2016-4-4;coffee;7:46
vc;2016-4-4;shower_on;7:59
vc;2016-4-4;shower_off;8:5
vc;2016-4-4;toothbrush;8:7
vc;2016-4-5;garage;8:41
vc;2016-4-5;light_off;8:39
vc;2016-4-5;clock;7:41
vc;2016-4-5;heater;7:11
vc;2016-4-5;light_on;7:42
vc;2016-4-5;coffee;7:50
vc;2016-4-5;shower_on;7:58
vc;2016-4-5;shower_off;8:4
vc;2016-4-5;toothbrush;8:6
vc;2016-4-6;garage;8:30
vc;2016-4-6;light_off;8:28
vc;2016-4-6;clock;7:30
vc;2016-4-6;heater;7:0
vc;2016-4-6;light_on;7:31
vc;2016-4-6;coffee;7:43
vc;2016-4-6;shower_on;7:52
vc;2016-4-6;shower_off;7:57
vc;2016-4-6;toothbrush;7:59
vc;2016-4-7;garage;9:7
vc;2016-4-7;light_off;9:5
vc;2016-4-7;clock;8:7
vc;2016-4-7;heater;7:37
vc;2016-4-7;light_on;8:8
vc;2016-4-7;coffee;8:17
vc;2016-4-7;shower_on;8:25
vc;2016-4-7;shower_off;8:31
vc;2016-4-7;toothbrush;8:33
vc;2016-4-8;garage;9:26
vc;2016-4-8;light_off;9:24
vc;2016-4-8;clock;8:26
vc;2016-4-8;heater;7:56
vc;2016-4-8;light_on;8:27
vc;2016-4-8;coffee;8:35
vc;2016-4-8;shower_on;8:43
vc;2016-4-8;shower_off;8:49
vc;2016-4-8;toothbrush;8:51
vc;2016-4-8;clock;8:0
vc;2016-4-8;heater;7:30
vc;2016-4-8;light_on;6:1
vc;2016-4-8;coffee;6:5
vc;2016-4-8;door;6:8
vc;2016-4-9;garage;9:00
vc;2016-4-9;light_off;8:58
vc;2016-4-9;tv_off;8:55
vc;2016-4-9;clock;7:30
vc;2016-4-9;heater;7:0
vc;2016-4-9;light_on;7:31
vc;2016-4-9;coffee;7:55
vc;2016-4-9;tv_on;7:55
vc;2016-4-9;shower_on;8:24
vc;2016-4-9;shower_off;8:37
vc;2016-4-9;toothbrush;8:39
vc;2016-4-10;garage;9:00
vc;2016-4-10;light_off;8:58
vc;2016-4-10;tv_off;8:55
vc;2016-4-10;clock;7:30
vc;2016-4-10;heater;7:0
vc;2016-4-10;light_on;7:31
vc;2016-4-10;coffee;7:51
vc;2016-4-10;tv_on;7:51
vc;2016-4-10;shower_on;8:12
vc;2016-4-10;shower_off;8:25
vc;2016-4-10;toothbrush;8:27
vc;2016-4-11;garage;8:30
vc;2016-4-11;light_off;8:28
vc;2016-4-11;clock;7:30
vc;2016-4-11;heater;7:0
vc;2016-4-11;light_on;7:31
vc;2016-4-11;coffee;7:43
vc;2016-4-11;shower_on;7:53
vc;2016-4-11;shower_off;7:57
vc;2016-4-11;toothbrush;7:59
vc;2016-4-11;clock;8:0
vc;2016-4-11;heater;7:30
vc;2016-4-11;light_on;5:2
vc;2016-4-11;coffee;5:8
vc;2016-4-11;door;5:11
vc;2016-4-12;garage;9:11
vc;2016-4-12;light_off;9:9
vc;2016-4-12;clock;8:11
vc;2016-4-12;heater;7:41
vc;2016-4-12;light_on;8:12
vc;2016-4-12;coffee;8:20
vc;2016-4-12;shower_on;8:31
vc;2016-4-12;shower_off;8:35
vc;2016-4-12;toothbrush;8:37
vc;2016-4-13;garage;9:30
vc;2016-4-13;light_off;9:28
vc;2016-4-13;clock;8:30
vc;2016-4-13;heater;8:0
vc;2016-4-13;light_on;8:31
vc;2016-4-13;coffee;8:39
vc;2016-4-13;shower_on;8:49
vc;2016-4-13;shower_off;8:56
vc;2016-4-13;toothbrush;8:58
vc;2016-4-13;clock;8:0
vc;2016-4-13;heater;7:30
vc;2016-4-13;light_on;5:35
vc;2016-4-13;coffee;5:40
vc;2016-4-13;door;5:43
vc;2016-4-14;garage;9:30
vc;2016-4-14;light_off;9:28
vc;2016-4-14;clock;8:30
vc;2016-4-14;heater;8:0
vc;2016-4-14;light_on;8:31
vc;2016-4-14;coffee;8:39
vc;2016-4-14;shower_on;8:52
vc;2016-4-14;shower_off;8:59
vc;2016-4-14;toothbrush;9:1
vc;2016-4-14;clock;8:0
vc;2016-4-14;heater;7:30
vc;2016-4-14;light_on;6:24
vc;2016-4-14;coffee;6:30
vc;2016-4-14;door;6:33
vc;2016-4-15;garage;8:52
vc;2016-4-15;light_off;8:50
vc;2016-4-15;clock;7:52
vc;2016-4-15;heater;7:22
vc;2016-4-15;light_on;7:53
vc;2016-4-15;coffee;8:5
vc;2016-4-15;shower_on;8:16
vc;2016-4-15;shower_off;8:20
vc;2016-4-15;toothbrush;8:22
vc;2016-4-16;garage;10:00
vc;2016-4-16;light_off;9:58
vc;2016-4-16;tv_off;9:55
vc;2016-4-16;clock;8:30
vc;2016-4-16;heater;8:0
vc;2016-4-16;light_on;8:31
vc;2016-4-16;coffee;8:42
vc;2016-4-16;tv_on;8:42
vc;2016-4-16;shower_on;9:8
vc;2016-4-16;shower_off;9:17
vc;2016-4-16;toothbrush;9:19
vc;2016-4-17;garage;9:00
vc;2016-4-17;light_off;8:58
vc;2016-4-17;tv_off;8:55
vc;2016-4-17;clock;7:30
vc;2016-4-17;heater;7:0
vc;2016-4-17;light_on;7:31
vc;2016-4-17;coffee;7:50
vc;2016-4-17;tv_on;7:50
vc;2016-4-17;shower_on;8:21
vc;2016-4-17;shower_off;8:32
vc;2016-4-17;toothbrush;8:34
vc;2016-4-18;garage;9:45
vc;2016-4-18;light_off;9:43
vc;2016-4-18;clock;8:45
vc;2016-4-18;heater;8:15
vc;2016-4-18;light_on;8:46
vc;2016-4-18;coffee;8:54
vc;2016-4-18;shower_on;9:6
vc;2016-4-18;shower_off;9:10
vc;2016-4-18;toothbrush;9:12
vc;2016-4-19;garage;9:22
vc;2016-4-19;light_off;9:20
vc;2016-4-19;clock;8:22
vc;2016-4-19;heater;7:52
vc;2016-4-19;light_on;8:23
vc;2016-4-19;coffee;8:32
vc;2016-4-19;shower_on;8:41
vc;2016-4-19;shower_off;8:48
vc;2016-4-19;toothbrush;8:50
vc;2016-4-20;garage;8:22
vc;2016-4-20;light_off;8:20
vc;2016-4-20;clock;7:22
vc;2016-4-20;heater;6:52
vc;2016-4-20;light_on;7:23
vc;2016-4-20;coffee;7:30
vc;2016-4-20;shower_on;7:43
vc;2016-4-20;shower_off;7:49
vc;2016-4-20;toothbrush;7:51
vc;2016-4-21;garage;9:0
vc;2016-4-21;light_off;8:58
vc;2016-4-21;clock;8:0
vc;2016-4-21;heater;7:30
vc;2016-4-21;light_on;8:1
vc;2016-4-21;coffee;8:12
vc;2016-4-21;shower_on;8:22
vc;2016-4-21;shower_off;8:26
vc;2016-4-21;toothbrush;8:28
vc;2016-4-22;garage;9:15
vc;2016-4-22;light_off;9:13
vc;2016-4-22;clock;8:15
vc;2016-4-22;heater;7:45
vc;2016-4-22;light_on;8:16
vc;2016-4-22;coffee;8:24
vc;2016-4-22;shower_on;8:35
vc;2016-4-22;shower_off;8:42
vc;2016-4-22;toothbrush;8:44
vc;2016-4-23;garage;9:00
vc;2016-4-23;light_off;8:58
vc;2016-4-23;tv_off;8:55
vc;2016-4-23;clock;7:30
vc;2016-4-23;heater;7:0
vc;2016-4-23;light_on;7:31
vc;2016-4-23;coffee;7:38
vc;2016-4-23;tv_on;7:38
vc;2016-4-23;shower_on;8:12
vc;2016-4-23;shower_off;8:23
vc;2016-4-23;toothbrush;8:25
vc;2016-4-24;garage;9:00
vc;2016-4-24;light_off;8:58
vc;2016-4-24;tv_off;8:55
vc;2016-4-24;clock;7:30
vc;2016-4-24;heater;7:0
vc;2016-4-24;light_on;7:31
vc;2016-4-24;coffee;7:42
vc;2016-4-24;tv_on;7:42
vc;2016-4-24;shower_on;8:13
vc;2016-4-24;shower_off;8:21
vc;2016-4-24;toothbrush;8:23
vc;2016-4-25;garage;9:11
vc;2016-4-25;light_off;9:9
vc;2016-4-25;clock;8:11
vc;2016-4-25;heater;7:41
vc;2016-4-25;light_on;8:12
vc;2016-4-25;coffee;8:21
vc;2016-4-25;shower_on;8:30
vc;2016-4-25;shower_off;8:37
vc;2016-4-25;toothbrush;8:39
vc;2016-4-26;garage;9:0
vc;2016-4-26;light_off;8:58
vc;2016-4-26;clock;8:0
vc;2016-4-26;heater;7:30
vc;2016-4-26;light_on;8:1
vc;2016-4-26;coffee;8:13
vc;2016-4-26;shower_on;8:25
vc;2016-4-26;shower_off;8:29
vc;2016-4-26;toothbrush;8:31
vc;2016-4-26;clock;8:0
vc;2016-4-26;heater;7:30
vc;2016-4-26;light_on;5:52
vc;2016-4-26;coffee;5:58
vc;2016-4-26;door;6:1
vc;2016-4-27;garage;9:26
vc;2016-4-27;light_off;9:24
vc;2016-4-27;clock;8:26
vc;2016-4-27;heater;7:56
vc;2016-4-27;light_on;8:27
vc;2016-4-27;coffee;8:34
vc;2016-4-27;shower_on;8:42
vc;2016-4-27;shower_off;8:46
vc;2016-4-27;toothbrush;8:48
vc;2016-4-28;garage;8:22
vc;2016-4-28;light_off;8:20
vc;2016-4-28;clock;7:22
vc;2016-4-28;heater;6:52
vc;2016-4-28;light_on;7:23
vc;2016-4-28;coffee;7:34
vc;2016-4-28;shower_on;7:47
vc;2016-4-28;shower_off;7:52
vc;2016-4-28;toothbrush;7:54
vc;2016-4-29;garage;8:45
vc;2016-4-29;light_off;8:43
vc;2016-4-29;clock;7:45
vc;2016-4-29;heater;7:15
vc;2016-4-29;light_on;7:46
vc;2016-4-29;coffee;7:58
vc;2016-4-29;shower_on;8:8
vc;2016-4-29;shower_off;8:13
vc;2016-4-29;toothbrush;8:15
vc;2016-4-30;garage;10:00
vc;2016-4-30;light_off;9:58
vc;2016-4-30;tv_off;9:55
vc;2016-4-30;clock;8:30
vc;2016-4-30;heater;8:0
vc;2016-4-30;light_on;8:31
vc;2016-4-30;coffee;8:38
vc;2016-4-30;tv_on;8:38
vc;2016-4-30;shower_on;9:9
vc;2016-4-30;shower_off;9:17
vc;2016-4-30;toothbrush;9:19
vc;2016-4-30;clock;8:0
vc;2016-4-30;heater;7:30
vc;2016-4-30;light_on;5:32
vc;2016-4-30;coffee;5:35
vc;2016-4-30;door;5:38
vc;2016-5-1;garage;9:00
vc;2016-5-1;light_off;8:58
vc;2016-5-1;tv_off;8:55
vc;2016-5-1;clock;7:30
vc;2016-5-1;heater;7:0
vc;2016-5-1;light_on;7:31
vc;2016-5-1;coffee;7:43
vc;2016-5-1;tv_on;7:43
vc;2016-5-1;shower_on;8:15
vc;2016-5-1;shower_off;8:27
vc;2016-5-1;toothbrush;8:29
vc;2016-5-2;garage;9:41
vc;2016-5-2;light_off;9:39
vc;2016-5-2;clock;8:41
vc;2016-5-2;heater;8:11
vc;2016-5-2;light_on;8:42
vc;2016-5-2;coffee;8:52
vc;2016-5-2;shower_on;9:4
vc;2016-5-2;shower_off;9:9
vc;2016-5-2;toothbrush;9:11
vc;2016-5-2;clock;8:0
vc;2016-5-2;heater;7:30
vc;2016-5-2;light_on;5:23
vc;2016-5-2;coffee;5:29
vc;2016-5-2;door;5:32
vc;2016-5-3;garage;9:0
vc;2016-5-3;light_off;8:58
vc;2016-5-3;clock;8:0
vc;2016-5-3;heater;7:30
vc;2016-5-3;light_on;8:1
vc;2016-5-3;coffee;8:10
vc;2016-5-3;shower_on;8:23
vc;2016-5-3;shower_off;8:27
vc;2016-5-3;toothbrush;8:29
vc;2016-5-3;clock;8:0
vc;2016-5-3;heater;7:30
vc;2016-5-3;light_on;4:58
vc;2016-5-3;coffee;5:4
vc;2016-5-3;door;5:7
vc;2016-5-4;garage;9:26
vc;2016-5-4;light_off;9:24
vc;2016-5-4;clock;8:26
vc;2016-5-4;heater;7:56
vc;2016-5-4;light_on;8:27
vc;2016-5-4;coffee;8:37
vc;2016-5-4;shower_on;8:49
vc;2016-5-4;shower_off;8:54
vc;2016-5-4;toothbrush;8:56
vc;2016-5-5;garage;9:00
vc;2016-5-5;light_off;8:58
vc;2016-5-5;tv_off;8:55
vc;2016-5-5;clock;7:30
vc;2016-5-5;heater;7:0
vc;2016-5-5;light_on;7:31
vc;2016-5-5;coffee;7:49
vc;2016-5-5;tv_on;7:49
vc;2016-5-5;shower_on;8:11
vc;2016-5-5;shower_off;8:24
vc;2016-5-5;toothbrush;8:26
vc;2016-5-6;garage;9:26
vc;2016-5-6;light_off;9:24
vc;2016-5-6;clock;8:26
vc;2016-5-6;heater;7:56
vc;2016-5-6;light_on;8:27
vc;2016-5-6;coffee;8:36
vc;2016-5-6;shower_on;8:49
vc;2016-5-6;shower_off;8:54
vc;2016-5-6;toothbrush;8:56
vc;2016-5-7;garage;10:00
vc;2016-5-7;light_off;9:58
vc;2016-5-7;tv_off;9:55
vc;2016-5-7;clock;8:30
vc;2016-5-7;heater;8:0
vc;2016-5-7;light_on;8:31
vc;2016-5-7;coffee;8:52
vc;2016-5-7;tv_on;8:52
vc;2016-5-7;shower_on;9:22
vc;2016-5-7;shower_off;9:31
vc;2016-5-7;toothbrush;9:33
vc;2016-5-8;garage;10:00
vc;2016-5-8;light_off;9:58
vc;2016-5-8;tv_off;9:55
vc;2016-5-8;clock;8:30
vc;2016-5-8;heater;8:0
vc;2016-5-8;light_on;8:31
vc;2016-5-8;coffee;8:36
vc;2016-5-8;tv_on;8:36
vc;2016-5-8;shower_on;9:2
vc;2016-5-8;shower_off;9:15
vc;2016-5-8;toothbrush;9:17
vc;2016-5-9;garage;9:15
vc;2016-5-9;light_off;9:13
vc;2016-5-9;clock;8:15
vc;2016-5-9;heater;7:45
vc;2016-5-9;light_on;8:16
vc;2016-5-9;coffee;8:28
vc;2016-5-9;shower_on;8:37
vc;2016-5-9;shower_off;8:43
vc;2016-5-9;toothbrush;8:45
vc;2016-5-10;garage;9:30
vc;2016-5-10;light_off;9:28
vc;2016-5-10;clock;8:30
vc;2016-5-10;heater;8:0
vc;2016-5-10;light_on;8:31
vc;2016-5-10;coffee;8:40
vc;2016-5-10;shower_on;8:53
vc;2016-5-10;shower_off;8:58
vc;2016-5-10;toothbrush;9:0
vc;2016-5-11;garage;9:45
vc;2016-5-11;light_off;9:43
vc;2016-5-11;clock;8:45
vc;2016-5-11;heater;8:15
vc;2016-5-11;light_on;8:46
vc;2016-5-11;coffee;8:53
vc;2016-5-11;shower_on;9:4
vc;2016-5-11;shower_off;9:9
vc;2016-5-11;toothbrush;9:11
vc;2016-5-12;garage;9:45
vc;2016-5-12;light_off;9:43
vc;2016-5-12;clock;8:45
vc;2016-5-12;heater;8:15
vc;2016-5-12;light_on;8:46
vc;2016-5-12;coffee;8:58
vc;2016-5-12;shower_on;9:8
vc;2016-5-12;shower_off;9:15
vc;2016-5-12;toothbrush;9:17
vc;2016-5-13;garage;9:26
vc;2016-5-13;light_off;9:24
vc;2016-5-13;clock;8:26
vc;2016-5-13;heater;7:56
vc;2016-5-13;light_on;8:27
vc;2016-5-13;coffee;8:39
vc;2016-5-13;shower_on;8:52
vc;2016-5-13;shower_off;8:57
vc;2016-5-13;toothbrush;8:59
vc;2016-5-13;clock;8:0
vc;2016-5-13;heater;7:30
vc;2016-5-13;light_on;4:49
vc;2016-5-13;coffee;4:52
vc;2016-5-13;door;4:55
vc;2016-5-14;garage;10:00
vc;2016-5-14;light_off;9:58
vc;2016-5-14;tv_off;9:55
vc;2016-5-14;clock;8:30
vc;2016-5-14;heater;8:0
vc;2016-5-14;light_on;8:31
vc;2016-5-14;coffee;8:50
vc;2016-5-14;tv_on;8:50
vc;2016-5-14;shower_on;9:25
vc;2016-5-14;shower_off;9:37
vc;2016-5-14;toothbrush;9:39
vc;2016-5-14;clock;8:0
vc;2016-5-14;heater;7:30
vc;2016-5-14;light_on;5:50
vc;2016-5-14;coffee;5:54
vc;2016-5-14;door;5:57
vc;2016-5-15;garage;9:00
vc;2016-5-15;light_off;8:58
vc;2016-5-15;tv_off;8:55
vc;2016-5-15;clock;7:30
vc;2016-5-15;heater;7:0
vc;2016-5-15;light_on;7:31
vc;2016-5-15;coffee;7:52
vc;2016-5-15;tv_on;7:52
vc;2016-5-15;shower_on;8:28
vc;2016-5-15;shower_off;8:37
vc;2016-5-15;toothbrush;8:39
vc;2016-5-15;clock;8:0
vc;2016-5-15;heater;7:30
vc;2016-5-15;light_on;5:24
vc;2016-5-15;coffee;5:27
vc;2016-5-15;door;5:30
vc;2016-5-16;garage;9:00
vc;2016-5-16;light_off;8:58
vc;2016-5-16;tv_off;8:55
vc;2016-5-16;clock;7:30
vc;2016-5-16;heater;7:0
vc;2016-5-16;light_on;7:31
vc;2016-5-16;coffee;7:50
vc;2016-5-16;tv_on;7:50
vc;2016-5-16;shower_on;8:19
vc;2016-5-16;shower_off;8:27
vc;2016-5-16;toothbrush;8:29
vc;2016-5-17;garage;9:45
vc;2016-5-17;light_off;9:43
vc;2016-5-17;clock;8:45
vc;2016-5-17;heater;8:15
vc;2016-5-17;light_on;8:46
vc;2016-5-17;coffee;8:54
vc;2016-5-17;shower_on;9:4
vc;2016-5-17;shower_off;9:8
vc;2016-5-17;toothbrush;9:10
vc;2016-5-18;garage;9:30
vc;2016-5-18;light_off;9:28
vc;2016-5-18;clock;8:30
vc;2016-5-18;heater;8:0
vc;2016-5-18;light_on;8:31
vc;2016-5-18;coffee;8:39
vc;2016-5-18;shower_on;8:51
vc;2016-5-18;shower_off;8:56
vc;2016-5-18;toothbrush;8:58
vc;2016-5-19;garage;9:0
vc;2016-5-19;light_off;8:58
vc;2016-5-19;clock;8:0
vc;2016-5-19;heater;7:30
vc;2016-5-19;light_on;8:1
vc;2016-5-19;coffee;8:8
vc;2016-5-19;shower_on;8:21
vc;2016-5-19;shower_off;8:28
vc;2016-5-19;toothbrush;8:30
vc;2016-5-20;garage;9:30
vc;2016-5-20;light_off;9:28
vc;2016-5-20;clock;8:30
vc;2016-5-20;heater;8:0
vc;2016-5-20;light_on;8:31
vc;2016-5-20;coffee;8:39
vc;2016-5-20;shower_on;8:50
vc;2016-5-20;shower_off;8:55
vc;2016-5-20;toothbrush;8:57
vc;2016-5-21;garage;10:00
vc;2016-5-21;light_off;9:58
vc;2016-5-21;tv_off;9:55
vc;2016-5-21;clock;8:30
vc;2016-5-21;heater;8:0
vc;2016-5-21;light_on;8:31
vc;2016-5-21;coffee;8:41
vc;2016-5-21;tv_on;8:41
vc;2016-5-21;shower_on;9:4
vc;2016-5-21;shower_off;9:16
vc;2016-5-21;toothbrush;9:18
vc;2016-5-22;garage;10:00
vc;2016-5-22;light_off;9:58
vc;2016-5-22;tv_off;9:55
vc;2016-5-22;clock;8:30
vc;2016-5-22;heater;8:0
vc;2016-5-22;light_on;8:31
vc;2016-5-22;coffee;8:44
vc;2016-5-22;tv_on;8:44
vc;2016-5-22;shower_on;9:20
vc;2016-5-22;shower_off;9:30
vc;2016-5-22;toothbrush;9:32
vc;2016-5-23;garage;8:30
vc;2016-5-23;light_off;8:28
vc;2016-5-23;clock;7:30
vc;2016-5-23;heater;7:0
vc;2016-5-23;light_on;7:31
vc;2016-5-23;coffee;7:38
vc;2016-5-23;shower_on;7:48
vc;2016-5-23;shower_off;7:55
vc;2016-5-23;toothbrush;7:57
vc;2016-5-23;clock;8:0
vc;2016-5-23;heater;7:30
vc;2016-5-23;light_on;6:12
vc;2016-5-23;coffee;6:15
vc;2016-5-23;door;6:18
vc;2016-5-24;garage;8:26
vc;2016-5-24;light_off;8:24
vc;2016-5-24;clock;7:26
vc;2016-5-24;heater;6:56
vc;2016-5-24;light_on;7:27
vc;2016-5-24;coffee;7:37
vc;2016-5-24;shower_on;7:48
vc;2016-5-24;shower_off;7:53
vc;2016-5-24;toothbrush;7:55
vc;2016-5-25;garage;9:0
vc;2016-5-25;light_off;8:58
vc;2016-5-25;clock;8:0
vc;2016-5-25;heater;7:30
vc;2016-5-25;light_on;8:1
vc;2016-5-25;coffee;8:13
vc;2016-5-25;shower_on;8:21
vc;2016-5-25;shower_off;8:26
vc;2016-5-25;toothbrush;8:28
vc;2016-5-26;garage;9:30
vc;2016-5-26;light_off;9:28
vc;2016-5-26;clock;8:30
vc;2016-5-26;heater;8:0
vc;2016-5-26;light_on;8:31
vc;2016-5-26;coffee;8:38
vc;2016-5-26;shower_on;8:46
vc;2016-5-26;shower_off;8:50
vc;2016-5-26;toothbrush;8:52
vc;2016-5-26;clock;8:0
vc;2016-5-26;heater;7:30
vc;2016-5-26;light_on;5:24
vc;2016-5-26;coffee;5:28
vc;2016-5-26;door;5:31
vc;2016-5-27;garage;9:11
vc;2016-5-27;light_off;9:9
vc;2016-5-27;clock;8:11
vc;2016-5-27;heater;7:41
vc;2016-5-27;light_on;8:12
vc;2016-5-27;coffee;8:23
vc;2016-5-27;shower_on;8:31
vc;2016-5-27;shower_off;8:37
vc;2016-5-27;toothbrush;8:39
vc;2016-5-28;garage;9:00
vc;2016-5-28;light_off;8:58
vc;2016-5-28;tv_off;8:55
vc;2016-5-28;clock;7:30
vc;2016-5-28;heater;7:0
vc;2016-5-28;light_on;7:31
vc;2016-5-28;coffee;7:41
vc;2016-5-28;tv_on;7:41
vc;2016-5-28;shower_on;8:12
vc;2016-5-28;shower_off;8:23
vc;2016-5-28;toothbrush;8:25
vc;2016-5-29;garage;10:00
vc;2016-5-29;light_off;9:58
vc;2016-5-29;tv_off;9:55
vc;2016-5-29;clock;8:30
vc;2016-5-29;heater;8:0
vc;2016-5-29;light_on;8:31
vc;2016-5-29;coffee;8:47
vc;2016-5-29;tv_on;8:47
vc;2016-5-29;shower_on;9:16
vc;2016-5-29;shower_off;9:25
vc;2016-5-29;toothbrush;9:27
vc;2016-5-30;garage;8:56
vc;2016-5-30;light_off;8:54
vc;2016-5-30;clock;7:56
vc;2016-5-30;heater;7:26
vc;2016-5-30;light_on;7:57
vc;2016-5-30;coffee;8:4
vc;2016-5-30;shower_on;8:13
vc;2016-5-30;shower_off;8:18
vc;2016-5-30;toothbrush;8:20
vc;2016-5-30;clock;8:0
vc;2016-5-30;heater;7:30
vc;2016-5-30;light_on;5:35
vc;2016-5-30;coffee;5:39
vc;2016-5-30;door;5:42
vc;2016-5-31;garage;9:26
vc;2016-5-31;light_off;9:24
vc;2016-5-31;clock;8:26
vc;2016-5-31;heater;7:56
vc;2016-5-31;light_on;8:27
vc;2016-5-31;coffee;8:37
vc;2016-5-31;shower_on;8:46
vc;2016-5-31;shower_off;8:50
vc;2016-5-31;toothbrush;8:52
vc;2016-5-31;clock;8:0
vc;2016-5-31;heater;7:30
vc;2016-5-31;light_on;5:54
vc;2016-5-31;coffee;6:0
vc;2016-5-31;door;6:3
vc;2016-6-1;garage;9:45
vc;2016-6-1;light_off;9:43
vc;2016-6-1;clock;8:45
vc;2016-6-1;heater;8:15
vc;2016-6-1;light_on;8:46
vc;2016-6-1;coffee;8:58
vc;2016-6-1;shower_on;9:6
vc;2016-6-1;shower_off;9:11
vc;2016-6-1;toothbrush;9:13
vc;2016-6-2;garage;9:0
vc;2016-6-2;light_off;8:58
vc;2016-6-2;clock;8:0
vc;2016-6-2;heater;7:30
vc;2016-6-2;light_on;8:1
vc;2016-6-2;coffee;8:9
vc;2016-6-2;shower_on;8:19
vc;2016-6-2;shower_off;8:26
vc;2016-6-2;toothbrush;8:28
vc;2016-6-3;garage;8:30
vc;2016-6-3;light_off;8:28
vc;2016-6-3;clock;7:30
vc;2016-6-3;heater;7:0
vc;2016-6-3;light_on;7:31
vc;2016-6-3;coffee;7:39
vc;2016-6-3;shower_on;7:49
vc;2016-6-3;shower_off;7:55
vc;2016-6-3;toothbrush;7:57
vc;2016-6-4;garage;10:00
vc;2016-6-4;light_off;9:58
vc;2016-6-4;tv_off;9:55
vc;2016-6-4;clock;8:30
vc;2016-6-4;heater;8:0
vc;2016-6-4;light_on;8:31
vc;2016-6-4;coffee;8:41
vc;2016-6-4;tv_on;8:41
vc;2016-6-4;shower_on;9:7
vc;2016-6-4;shower_off;9:17
vc;2016-6-4;toothbrush;9:19
vc;2016-6-4;clock;8:0
vc;2016-6-4;heater;7:30
vc;2016-6-4;light_on;5:35
vc;2016-6-4;coffee;5:38
vc;2016-6-4;door;5:41
vc;2016-6-5;garage;10:00
vc;2016-6-5;light_off;9:58
vc;2016-6-5;tv_off;9:55
vc;2016-6-5;clock;8:30
vc;2016-6-5;heater;8:0
vc;2016-6-5;light_on;8:31
vc;2016-6-5;coffee;8:36
vc;2016-6-5;tv_on;8:36
vc;2016-6-5;shower_on;8:58
vc;2016-6-5;shower_off;9:11
vc;2016-6-5;toothbrush;9:13
vc;2016-6-6;garage;8:45
vc;2016-6-6;light_off;8:43
vc;2016-6-6;clock;7:45
vc;2016-6-6;heater;7:15
vc;2016-6-6;light_on;7:46
vc;2016-6-6;coffee;7:57
vc;2016-6-6;shower_on;8:5
vc;2016-6-6;shower_off;8:11
vc;2016-6-6;toothbrush;8:13
vc;2016-6-6;clock;8:0
vc;2016-6-6;heater;7:30
vc;2016-6-6;light_on;5:32
vc;2016-6-6;coffee;5:36
vc;2016-6-6;door;5:39
vc;2016-6-7;garage;8:45
vc;2016-6-7;light_off;8:43
vc;2016-6-7;clock;7:45
vc;2016-6-7;heater;7:15
vc;2016-6-7;light_on;7:46
vc;2016-6-7;coffee;7:58
vc;2016-6-7;shower_on;8:8
vc;2016-6-7;shower_off;8:12
vc;2016-6-7;toothbrush;8:14
vc;2016-6-8;garage;9:45
vc;2016-6-8;light_off;9:43
vc;2016-6-8;clock;8:45
vc;2016-6-8;heater;8:15
vc;2016-6-8;light_on;8:46
vc;2016-6-8;coffee;8:53
vc;2016-6-8;shower_on;9:3
vc;2016-6-8;shower_off;9:8
vc;2016-6-8;toothbrush;9:10
vc;2016-6-9;garage;8:45
vc;2016-6-9;light_off;8:43
vc;2016-6-9;clock;7:45
vc;2016-6-9;heater;7:15
vc;2016-6-9;light_on;7:46
vc;2016-6-9;coffee;7:58
vc;2016-6-9;shower_on;8:9
vc;2016-6-9;shower_off;8:16
vc;2016-6-9;toothbrush;8:18
vc;2016-6-10;garage;9:15
vc;2016-6-10;light_off;9:13
vc;2016-6-10;clock;8:15
vc;2016-6-10;heater;7:45
vc;2016-6-10;light_on;8:16
vc;2016-6-10;coffee;8:25
vc;2016-6-10;shower_on;8:34
vc;2016-6-10;shower_off;8:40
vc;2016-6-10;toothbrush;8:42
vc;2016-6-11;garage;10:00
vc;2016-6-11;light_off;9:58
vc;2016-6-11;tv_off;9:55
vc;2016-6-11;clock;8:30
vc;2016-6-11;heater;8:0
vc;2016-6-11;light_on;8:31
vc;2016-6-11;coffee;8:37
vc;2016-6-11;tv_on;8:37
vc;2016-6-11;shower_on;9:17
vc;2016-6-11;shower_off;9:25
vc;2016-6-11;toothbrush;9:27
vc;2016-6-12;garage;10:00
vc;2016-6-12;light_off;9:58
vc;2016-6-12;tv_off;9:55
vc;2016-6-12;clock;8:30
vc;2016-6-12;heater;8:0
vc;2016-6-12;light_on;8:31
vc;2016-6-12;coffee;8:54
vc;2016-6-12;tv_on;8:54
vc;2016-6-12;shower_on;9:33
vc;2016-6-12;shower_off;9:43
vc;2016-6-12;toothbrush;9:45
vc;2016-6-13;garage;8:30
vc;2016-6-13;light_off;8:28
vc;2016-6-13;clock;7:30
vc;2016-6-13;heater;7:0
vc;2016-6-13;light_on;7:31
vc;2016-6-13;coffee;7:41
vc;2016-6-13;shower_on;7:49
vc;2016-6-13;shower_off;7:55
vc;2016-6-13;toothbrush;7:57
vc;2016-6-13;clock;8:0
vc;2016-6-13;heater;7:30
vc;2016-6-13;light_on;5:15
vc;2016-6-13;coffee;5:21
vc;2016-6-13;door;5:24
vc;2016-6-14;garage;9:0
vc;2016-6-14;light_off;8:58
vc;2016-6-14;clock;8:0
vc;2016-6-14;heater;7:30
vc;2016-6-14;light_on;8:1
vc;2016-6-14;coffee;8:8
vc;2016-6-14;shower_on;8:21
vc;2016-6-14;shower_off;8:25
vc;2016-6-14;toothbrush;8:27
vc;2016-6-14;clock;8:0
vc;2016-6-14;heater;7:30
vc;2016-6-14;light_on;5:57
vc;2016-6-14;coffee;6:1
vc;2016-6-14;door;6:4
vc;2016-6-15;garage;9:0
vc;2016-6-15;light_off;8:58
vc;2016-6-15;clock;8:0
vc;2016-6-15;heater;7:30
vc;2016-6-15;light_on;8:1
vc;2016-6-15;coffee;8:13
vc;2016-6-15;shower_on;8:26
vc;2016-6-15;shower_off;8:33
vc;2016-6-15;toothbrush;8:35
vc;2016-6-15;clock;8:0
vc;2016-6-15;heater;7:30
vc;2016-6-15;light_on;6:18
vc;2016-6-15;coffee;6:21
vc;2016-6-15;door;6:24
vc;2016-6-16;garage;9:45
vc;2016-6-16;light_off;9:43
vc;2016-6-16;clock;8:45
vc;2016-6-16;heater;8:15
vc;2016-6-16;light_on;8:46
vc;2016-6-16;coffee;8:58
vc;2016-6-16;shower_on;9:7
vc;2016-6-16;shower_off;9:13
vc;2016-6-16;toothbrush;9:15
vc;2016-6-17;garage;8:30
vc;2016-6-17;light_off;8:28
vc;2016-6-17;clock;7:30
vc;2016-6-17;heater;7:0
vc;2016-6-17;light_on;7:31
vc;2016-6-17;coffee;7:38
vc;2016-6-17;shower_on;7:48
vc;2016-6-17;shower_off;7:52
vc;2016-6-17;toothbrush;7:54
vc;2016-6-18;garage;9:00
vc;2016-6-18;light_off;8:58
vc;2016-6-18;tv_off;8:55
vc;2016-6-18;clock;7:30
vc;2016-6-18;heater;7:0
vc;2016-6-18;light_on;7:31
vc;2016-6-18;coffee;7:47
vc;2016-6-18;tv_on;7:47
vc;2016-6-18;shower_on;8:15
vc;2016-6-18;shower_off;8:23
vc;2016-6-18;toothbrush;8:25
vc;2016-6-19;garage;9:00
vc;2016-6-19;light_off;8:58
vc;2016-6-19;tv_off;8:55
vc;2016-6-19;clock;7:30
vc;2016-6-19;heater;7:0
vc;2016-6-19;light_on;7:31
vc;2016-6-19;coffee;7:45
vc;2016-6-19;tv_on;7:45
vc;2016-6-19;shower_on;8:18
vc;2016-6-19;shower_off;8:30
vc;2016-6-19;toothbrush;8:32
vc;2016-6-20;garage;9:30
vc;2016-6-20;light_off;9:28
vc;2016-6-20;clock;8:30
vc;2016-6-20;heater;8:0
vc;2016-6-20;light_on;8:31
vc;2016-6-20;coffee;8:38
vc;2016-6-20;shower_on;8:49
vc;2016-6-20;shower_off;8:54
vc;2016-6-20;toothbrush;8:56
vc;2016-6-20;clock;8:0
vc;2016-6-20;heater;7:30
vc;2016-6-20;light_on;4:46
vc;2016-6-20;coffee;4:51
vc;2016-6-20;door;4:54
vc;2016-6-21;garage;9:30
vc;2016-6-21;light_off;9:28
vc;2016-6-21;clock;8:30
vc;2016-6-21;heater;8:0
vc;2016-6-21;light_on;8:31
vc;2016-6-21;coffee;8:43
vc;2016-6-21;shower_on;8:54
vc;2016-6-21;shower_off;9:0
vc;2016-6-21;toothbrush;9:2
vc;2016-6-21;clock;8:0
vc;2016-6-21;heater;7:30
vc;2016-6-21;light_on;4:49
vc;2016-6-21;coffee;4:52
vc;2016-6-21;door;4:55
vc;2016-6-22;garage;8:45
vc;2016-6-22;light_off;8:43
vc;2016-6-22;clock;7:45
vc;2016-6-22;heater;7:15
vc;2016-6-22;light_on;7:46
vc;2016-6-22;coffee;7:56
vc;2016-6-22;shower_on;8:7
vc;2016-6-22;shower_off;8:13
vc;2016-6-22;toothbrush;8:15
vc;2016-6-23;garage;9:15
vc;2016-6-23;light_off;9:13
vc;2016-6-23;clock;8:15
vc;2016-6-23;heater;7:45
vc;2016-6-23;light_on;8:16
vc;2016-6-23;coffee;8:24
vc;2016-6-23;shower_on;8:34
vc;2016-6-23;shower_off;8:40
vc;2016-6-23;toothbrush;8:42
vc;2016-6-24;garage;9:15
vc;2016-6-24;light_off;9:13
vc;2016-6-24;clock;8:15
vc;2016-6-24;heater;7:45
vc;2016-6-24;light_on;8:16
vc;2016-6-24;coffee;8:27
vc;2016-6-24;shower_on;8:39
vc;2016-6-24;shower_off;8:46
vc;2016-6-24;toothbrush;8:48
vc;2016-6-25;garage;10:00
vc;2016-6-25;light_off;9:58
vc;2016-6-25;tv_off;9:55
vc;2016-6-25;clock;8:30
vc;2016-6-25;heater;8:0
vc;2016-6-25;light_on;8:31
vc;2016-6-25;coffee;8:39
vc;2016-6-25;tv_on;8:39
vc;2016-6-25;shower_on;9:16
vc;2016-6-25;shower_off;9:27
vc;2016-6-25;toothbrush;9:29
vc;2016-6-26;garage;9:00
vc;2016-6-26;light_off;8:58
vc;2016-6-26;tv_off;8:55
vc;2016-6-26;clock;7:30
vc;2016-6-26;heater;7:0
vc;2016-6-26;light_on;7:31
vc;2016-6-26;coffee;7:38
vc;2016-6-26;tv_on;7:38
vc;2016-6-26;shower_on;8:12
vc;2016-6-26;shower_off;8:24
vc;2016-6-26;toothbrush;8:26
vc;2016-6-27;garage;8:30
vc;2016-6-27;light_off;8:28
vc;2016-6-27;clock;7:30
vc;2016-6-27;heater;7:0
vc;2016-6-27;light_on;7:31
vc;2016-6-27;coffee;7:39
vc;2016-6-27;shower_on;7:51
vc;2016-6-27;shower_off;7:55
vc;2016-6-27;toothbrush;7:57
vc;2016-6-27;clock;8:0
vc;2016-6-27;heater;7:30
vc;2016-6-27;light_on;6:0
vc;2016-6-27;coffee;6:5
vc;2016-6-27;door;6:8
vc;2016-6-28;garage;9:15
vc;2016-6-28;light_off;9:13
vc;2016-6-28;clock;8:15
vc;2016-6-28;heater;7:45
vc;2016-6-28;light_on;8:16
vc;2016-6-28;coffee;8:23
vc;2016-6-28;shower_on;8:34
vc;2016-6-28;shower_off;8:38
vc;2016-6-28;toothbrush;8:40
vc;2016-6-28;clock;8:0
vc;2016-6-28;heater;7:30
vc;2016-6-28;light_on;6:13
vc;2016-6-28;coffee;6:17
vc;2016-6-28;door;6:20
vc;2016-6-29;garage;9:45
vc;2016-6-29;light_off;9:43
vc;2016-6-29;clock;8:45
vc;2016-6-29;heater;8:15
vc;2016-6-29;light_on;8:46
vc;2016-6-29;coffee;8:56
vc;2016-6-29;shower_on;9:5
vc;2016-6-29;shower_off;9:12
vc;2016-6-29;toothbrush;9:14
vc;2016-6-30;garage;9:15
vc;2016-6-30;light_off;9:13
vc;2016-6-30;clock;8:15
vc;2016-6-30;heater;7:45
vc;2016-6-30;light_on;8:16
vc;2016-6-30;coffee;8:26
vc;2016-6-30;shower_on;8:34
vc;2016-6-30;shower_off;8:40
vc;2016-6-30;toothbrush;8:42
vc;2016-7-1;garage;9:0
vc;2016-7-1;light_off;8:58
vc;2016-7-1;clock;8:0
vc;2016-7-1;heater;7:30
vc;2016-7-1;light_on;8:1
vc;2016-7-1;coffee;8:9
vc;2016-7-1;shower_on;8:18
vc;2016-7-1;shower_off;8:22
vc;2016-7-1;toothbrush;8:24
vc;2016-7-2;garage;9:00
vc;2016-7-2;light_off;8:58
vc;2016-7-2;tv_off;8:55
vc;2016-7-2;clock;7:30
vc;2016-7-2;heater;7:0
vc;2016-7-2;light_on;7:31
vc;2016-7-2;coffee;7:52
vc;2016-7-2;tv_on;7:52
vc;2016-7-2;shower_on;8:17
vc;2016-7-2;shower_off;8:27
vc;2016-7-2;toothbrush;8:29
vc;2016-7-3;garage;9:00
vc;2016-7-3;light_off;8:58
vc;2016-7-3;tv_off;8:55
vc;2016-7-3;clock;7:30
vc;2016-7-3;heater;7:0
vc;2016-7-3;light_on;7:31
vc;2016-7-3;coffee;7:37
vc;2016-7-3;tv_on;7:37
vc;2016-7-3;shower_on;8:2
vc;2016-7-3;shower_off;8:12
vc;2016-7-3;toothbrush;8:14
vc;2016-7-4;garage;8:30
vc;2016-7-4;light_off;8:28
vc;2016-7-4;clock;7:30
vc;2016-7-4;heater;7:0
vc;2016-7-4;light_on;7:31
vc;2016-7-4;coffee;7:38
vc;2016-7-4;shower_on;7:46
vc;2016-7-4;shower_off;7:50
vc;2016-7-4;toothbrush;7:52
vc;2016-7-4;clock;8:0
vc;2016-7-4;heater;7:30
vc;2016-7-4;light_on;4:50
vc;2016-7-4;coffee;4:53
vc;2016-7-4;door;4:56
vc;2016-7-5;garage;8:45
vc;2016-7-5;light_off;8:43
vc;2016-7-5;clock;7:45
vc;2016-7-5;heater;7:15
vc;2016-7-5;light_on;7:46
vc;2016-7-5;coffee;7:56
vc;2016-7-5;shower_on;8:9
vc;2016-7-5;shower_off;8:14
vc;2016-7-5;toothbrush;8:16
vc;2016-7-6;garage;9:0
vc;2016-7-6;light_off;8:58
vc;2016-7-6;clock;8:0
vc;2016-7-6;heater;7:30
vc;2016-7-6;light_on;8:1
vc;2016-7-6;coffee;8:12
vc;2016-7-6;shower_on;8:21
vc;2016-7-6;shower_off;8:26
vc;2016-7-6;toothbrush;8:28
vc;2016-7-7;garage;8:30
vc;2016-7-7;light_off;8:28
vc;2016-7-7;clock;7:30
vc;2016-7-7;heater;7:0
vc;2016-7-7;light_on;7:31
vc;2016-7-7;coffee;7:38
vc;2016-7-7;shower_on;7:47
vc;2016-7-7;shower_off;7:52
vc;2016-7-7;toothbrush;7:54
vc;2016-7-7;clock;8:0
vc;2016-7-7;heater;7:30
vc;2016-7-7;light_on;5:6
vc;2016-7-7;coffee;5:11
vc;2016-7-7;door;5:14
vc;2016-7-8;garage;9:30
vc;2016-7-8;light_off;9:28
vc;2016-7-8;clock;8:30
vc;2016-7-8;heater;8:0
vc;2016-7-8;light_on;8:31
vc;2016-7-8;coffee;8:39
vc;2016-7-8;shower_on;8:48
vc;2016-7-8;shower_off;8:55
vc;2016-7-8;toothbrush;8:57
vc;2016-7-9;garage;10:00
vc;2016-7-9;light_off;9:58
vc;2016-7-9;tv_off;9:55
vc;2016-7-9;clock;8:30
vc;2016-7-9;heater;8:0
vc;2016-7-9;light_on;8:31
vc;2016-7-9;coffee;8:55
vc;2016-7-9;tv_on;8:55
vc;2016-7-9;shower_on;9:25
vc;2016-7-9;shower_off;9:36
vc;2016-7-9;toothbrush;9:38
vc;2016-7-10;garage;9:00
vc;2016-7-10;light_off;8:58
vc;2016-7-10;tv_off;8:55
vc;2016-7-10;clock;7:30
vc;2016-7-10;heater;7:0
vc;2016-7-10;light_on;7:31
vc;2016-7-10;coffee;7:38
vc;2016-7-10;tv_on;7:38
vc;2016-7-10;shower_on;8:10
vc;2016-7-10;shower_off;8:20
vc;2016-7-10;toothbrush;8:22
vc;2016-7-11;garage;9:15
vc;2016-7-11;light_off;9:13
vc;2016-7-11;clock;8:15
vc;2016-7-11;heater;7:45
vc;2016-7-11;light_on;8:16
vc;2016-7-11;coffee;8:25
vc;2016-7-11;shower_on;8:36
vc;2016-7-11;shower_off;8:41
vc;2016-7-11;toothbrush;8:43
vc;2016-7-12;garage;8:30
vc;2016-7-12;light_off;8:28
vc;2016-7-12;clock;7:30
vc;2016-7-12;heater;7:0
vc;2016-7-12;light_on;7:31
vc;2016-7-12;coffee;7:38
vc;2016-7-12;shower_on;7:50
vc;2016-7-12;shower_off;7:56
vc;2016-7-12;toothbrush;7:58
vc;2016-8-14;garage;10:00
vc;2016-8-14;light_off;9:58
vc;2016-8-14;tv_off;9:55
vc;2016-8-14;clock;8:30
vc;2016-8-14;heater;8:0
vc;2016-8-14;light_on;8:31
vc;2016-8-14;coffee;8:47
vc;2016-8-14;tv_on;8:47
vc;2016-8-14;shower_on;9:14
vc;2016-8-14;shower_off;9:24
vc;2016-8-14;toothbrush;9:26
vc;2016-8-15;garage;9:00
vc;2016-8-15;light_off;8:58
vc;2016-8-15;tv_off;8:55
vc;2016-8-15;clock;7:30
vc;2016-8-15;heater;7:0
vc;2016-8-15;light_on;7:31
vc;2016-8-15;coffee;7:37
vc;2016-8-15;tv_on;7:37
vc;2016-8-15;shower_on;7:58
vc;2016-8-15;shower_off;8:11
vc;2016-8-15;toothbrush;8:13
vc;2016-8-16;garage;8:45
vc;2016-8-16;light_off;8:43
vc;2016-8-16;clock;7:45
vc;2016-8-16;heater;7:15
vc;2016-8-16;light_on;7:46
vc;2016-8-16;coffee;7:53
vc;2016-8-16;shower_on;8:2
vc;2016-8-16;shower_off;8:9
vc;2016-8-16;toothbrush;8:11
vc;2016-8-17;garage;8:30
vc;2016-8-17;light_off;8:28
vc;2016-8-17;clock;7:30
vc;2016-8-17;heater;7:0
vc;2016-8-17;light_on;7:31
vc;2016-8-17;coffee;7:41
vc;2016-8-17;shower_on;7:52
vc;2016-8-17;shower_off;7:57
vc;2016-8-17;toothbrush;7:59
vc;2016-8-17;clock;8:0
vc;2016-8-17;heater;7:30
vc;2016-8-17;light_on;4:51
vc;2016-8-17;coffee;4:55
vc;2016-8-17;door;4:58
vc;2016-8-18;garage;9:45
vc;2016-8-18;light_off;9:43
vc;2016-8-18;clock;8:45
vc;2016-8-18;heater;8:15
vc;2016-8-18;light_on;8:46
vc;2016-8-18;coffee;8:58
vc;2016-8-18;shower_on;9:9
vc;2016-8-18;shower_off;9:16
vc;2016-8-18;toothbrush;9:18
vc;2016-8-19;garage;9:15
vc;2016-8-19;light_off;9:13
vc;2016-8-19;clock;8:15
vc;2016-8-19;heater;7:45
vc;2016-8-19;light_on;8:16
vc;2016-8-19;coffee;8:23
vc;2016-8-19;shower_on;8:34
vc;2016-8-19;shower_off;8:40
vc;2016-8-19;toothbrush;8:42
vc;2016-8-19;clock;8:0
vc;2016-8-19;heater;7:30
vc;2016-8-19;light_on;6:9
vc;2016-8-19;coffee;6:12
vc;2016-8-19;door;6:15
vc;2016-8-20;garage;10:00
vc;2016-8-20;light_off;9:58
vc;2016-8-20;tv_off;9:55
vc;2016-8-20;clock;8:30
vc;2016-8-20;heater;8:0
vc;2016-8-20;light_on;8:31
vc;2016-8-20;coffee;8:53
vc;2016-8-20;tv_on;8:53
vc;2016-8-20;shower_on;9:26
vc;2016-8-20;shower_off;9:34
vc;2016-8-20;toothbrush;9:36
vc;2016-8-20;clock;8:0
vc;2016-8-20;heater;7:30
vc;2016-8-20;light_on;5:40
vc;2016-8-20;coffee;5:43
vc;2016-8-20;door;5:46
vc;2016-8-21;garage;10:00
vc;2016-8-21;light_off;9:58
vc;2016-8-21;tv_off;9:55
vc;2016-8-21;clock;8:30
vc;2016-8-21;heater;8:0
vc;2016-8-21;light_on;8:31
vc;2016-8-21;coffee;8:55
vc;2016-8-21;tv_on;8:55
vc;2016-8-21;shower_on;9:21
vc;2016-8-21;shower_off;9:30
vc;2016-8-21;toothbrush;9:32
vc;2016-8-21;clock;8:0
vc;2016-8-21;heater;7:30
vc;2016-8-21;light_on;5:20
vc;2016-8-21;coffee;5:26
vc;2016-8-21;door;5:29
vc;2016-8-22;garage;9:30
vc;2016-8-22;light_off;9:28
vc;2016-8-22;clock;8:30
vc;2016-8-22;heater;8:0
vc;2016-8-22;light_on;8:31
vc;2016-8-22;coffee;8:43
vc;2016-8-22;shower_on;8:54
vc;2016-8-22;shower_off;8:59
vc;2016-8-22;toothbrush;9:1
vc;2016-8-23;garage;9:30
vc;2016-8-23;light_off;9:28
vc;2016-8-23;clock;8:30
vc;2016-8-23;heater;8:0
vc;2016-8-23;light_on;8:31
vc;2016-8-23;coffee;8:39
vc;2016-8-23;shower_on;8:50
vc;2016-8-23;shower_off;8:56
vc;2016-8-23;toothbrush;8:58
vc;2016-8-23;clock;8:0
vc;2016-8-23;heater;7:30
vc;2016-8-23;light_on;4:52
vc;2016-8-23;coffee;4:55
vc;2016-8-23;door;4:58
vc;2016-8-24;garage;9:0
vc;2016-8-24;light_off;8:58
vc;2016-8-24;clock;8:0
vc;2016-8-24;heater;7:30
vc;2016-8-24;light_on;8:1
vc;2016-8-24;coffee;8:9
vc;2016-8-24;shower_on;8:20
vc;2016-8-24;shower_off;8:25
vc;2016-8-24;toothbrush;8:27
vc;2016-8-25;garage;9:45
vc;2016-8-25;light_off;9:43
vc;2016-8-25;clock;8:45
vc;2016-8-25;heater;8:15
vc;2016-8-25;light_on;8:46
vc;2016-8-25;coffee;8:57
vc;2016-8-25;shower_on;9:6
vc;2016-8-25;shower_off;9:13
vc;2016-8-25;toothbrush;9:15
vc;2016-8-26;garage;9:45
vc;2016-8-26;light_off;9:43
vc;2016-8-26;clock;8:45
vc;2016-8-26;heater;8:15
vc;2016-8-26;light_on;8:46
vc;2016-8-26;coffee;8:56
vc;2016-8-26;shower_on;9:4
vc;2016-8-26;shower_off;9:10
vc;2016-8-26;toothbrush;9:12
vc;2016-8-26;clock;8:0
vc;2016-8-26;heater;7:30
vc;2016-8-26;light_on;6:19
vc;2016-8-26;coffee;6:23
vc;2016-8-26;door;6:26
vc;2016-8-27;garage;9:00
vc;2016-8-27;light_off;8:58
vc;2016-8-27;tv_off;8:55
vc;2016-8-27;clock;7:30
vc;2016-8-27;heater;7:0
vc;2016-8-27;light_on;7:31
vc;2016-8-27;coffee;7:41
vc;2016-8-27;tv_on;7:41
vc;2016-8-27;shower_on;8:15
vc;2016-8-27;shower_off;8:24
vc;2016-8-27;toothbrush;8:26
vc;2016-8-27;clock;8:0
vc;2016-8-27;heater;7:30
vc;2016-8-27;light_on;6:15
vc;2016-8-27;coffee;6:21
vc;2016-8-27;door;6:24
vc;2016-8-28;garage;9:00
vc;2016-8-28;light_off;8:58
vc;2016-8-28;tv_off;8:55
vc;2016-8-28;clock;7:30
vc;2016-8-28;heater;7:0
vc;2016-8-28;light_on;7:31
vc;2016-8-28;coffee;7:45
vc;2016-8-28;tv_on;7:45
vc;2016-8-28;shower_on;8:23
vc;2016-8-28;shower_off;8:33
vc;2016-8-28;toothbrush;8:35
vc;2016-8-29;garage;9:0
vc;2016-8-29;light_off;8:58
vc;2016-8-29;clock;8:0
vc;2016-8-29;heater;7:30
vc;2016-8-29;light_on;8:1
vc;2016-8-29;coffee;8:10
vc;2016-8-29;shower_on;8:18
vc;2016-8-29;shower_off;8:24
vc;2016-8-29;toothbrush;8:26
vc;2016-8-30;garage;9:30
vc;2016-8-30;light_off;9:28
vc;2016-8-30;clock;8:30
vc;2016-8-30;heater;8:0
vc;2016-8-30;light_on;8:31
vc;2016-8-30;coffee;8:38
vc;2016-8-30;shower_on;8:50
vc;2016-8-30;shower_off;8:54
vc;2016-8-30;toothbrush;8:56
vc;2016-8-31;garage;9:45
vc;2016-8-31;light_off;9:43
vc;2016-8-31;clock;8:45
vc;2016-8-31;heater;8:15
vc;2016-8-31;light_on;8:46
vc;2016-8-31;coffee;8:53
vc;2016-8-31;shower_on;9:4
vc;2016-8-31;shower_off;9:10
vc;2016-8-31;toothbrush;9:12
vc;2016-9-1;garage;9:45
vc;2016-9-1;light_off;9:43
vc;2016-9-1;clock;8:45
vc;2016-9-1;heater;8:15
vc;2016-9-1;light_on;8:46
vc;2016-9-1;coffee;8:58
vc;2016-9-1;shower_on;9:9
vc;2016-9-1;shower_off;9:15
vc;2016-9-1;toothbrush;9:17
vc;2016-9-2;garage;8:26
vc;2016-9-2;light_off;8:24
vc;2016-9-2;clock;7:26
vc;2016-9-2;heater;6:56
vc;2016-9-2;light_on;7:27
vc;2016-9-2;coffee;7:34
vc;2016-9-2;shower_on;7:43
vc;2016-9-2;shower_off;7:50
vc;2016-9-2;toothbrush;7:52
vc;2016-9-2;clock;8:0
vc;2016-9-2;heater;7:30
vc;2016-9-2;light_on;5:56
vc;2016-9-2;coffee;6:2
vc;2016-9-2;door;6:5
vc;2016-9-3;garage;10:00
vc;2016-9-3;light_off;9:58
vc;2016-9-3;tv_off;9:55
vc;2016-9-3;clock;8:30
vc;2016-9-3;heater;8:0
vc;2016-9-3;light_on;8:31
vc;2016-9-3;coffee;8:46
vc;2016-9-3;tv_on;8:46
vc;2016-9-3;shower_on;9:7
vc;2016-9-3;shower_off;9:19
vc;2016-9-3;toothbrush;9:21
vc;2016-9-4;garage;10:00
vc;2016-9-4;light_off;9:58
vc;2016-9-4;tv_off;9:55
vc;2016-9-4;clock;8:30
vc;2016-9-4;heater;8:0
vc;2016-9-4;light_on;8:31
vc;2016-9-4;coffee;8:36
vc;2016-9-4;tv_on;8:36
vc;2016-9-4;shower_on;9:16
vc;2016-9-4;shower_off;9:28
vc;2016-9-4;toothbrush;9:30
vc;2016-9-5;garage;8:56
vc;2016-9-5;light_off;8:54
vc;2016-9-5;clock;7:56
vc;2016-9-5;heater;7:26
vc;2016-9-5;light_on;7:57
vc;2016-9-5;coffee;8:8
vc;2016-9-5;shower_on;8:18
vc;2016-9-5;shower_off;8:22
vc;2016-9-5;toothbrush;8:24
vc;2016-9-6;garage;9:30
vc;2016-9-6;light_off;9:28
vc;2016-9-6;clock;8:30
vc;2016-9-6;heater;8:0
vc;2016-9-6;light_on;8:31
vc;2016-9-6;coffee;8:39
vc;2016-9-6;shower_on;8:50
vc;2016-9-6;shower_off;8:55
vc;2016-9-6;toothbrush;8:57
vc;2016-9-7;garage;9:30
vc;2016-9-7;light_off;9:28
vc;2016-9-7;clock;8:30
vc;2016-9-7;heater;8:0
vc;2016-9-7;light_on;8:31
vc;2016-9-7;coffee;8:41
vc;2016-9-7;shower_on;8:52
vc;2016-9-7;shower_off;8:57
vc;2016-9-7;toothbrush;8:59
vc;2016-9-8;garage;9:11
vc;2016-9-8;light_off;9:9
vc;2016-9-8;clock;8:11
vc;2016-9-8;heater;7:41
vc;2016-9-8;light_on;8:12
vc;2016-9-8;coffee;8:19
vc;2016-9-8;shower_on;8:29
vc;2016-9-8;shower_off;8:35
vc;2016-9-8;toothbrush;8:37
vc;2016-9-9;garage;8:26
vc;2016-9-9;light_off;8:24
vc;2016-9-9;clock;7:26
vc;2016-9-9;heater;6:56
vc;2016-9-9;light_on;7:27
vc;2016-9-9;coffee;7:37
vc;2016-9-9;shower_on;7:49
vc;2016-9-9;shower_off;7:54
vc;2016-9-9;toothbrush;7:56
vc;2016-9-9;clock;8:0
vc;2016-9-9;heater;7:30
vc;2016-9-9;light_on;5:40
vc;2016-9-9;coffee;5:45
vc;2016-9-9;door;5:48
vc;2016-9-10;garage;9:00
vc;2016-9-10;light_off;8:58
vc;2016-9-10;tv_off;8:55
vc;2016-9-10;clock;7:30
vc;2016-9-10;heater;7:0
vc;2016-9-10;light_on;7:31
vc;2016-9-10;coffee;7:53
vc;2016-9-10;tv_on;7:53
vc;2016-9-10;shower_on;8:20
vc;2016-9-10;shower_off;8:32
vc;2016-9-10;toothbrush;8:34
vc;2016-9-10;clock;8:0
vc;2016-9-10;heater;7:30
vc;2016-9-10;light_on;5:39
vc;2016-9-10;coffee;5:42
vc;2016-9-10;door;5:45
vc;2016-9-11;garage;10:00
vc;2016-9-11;light_off;9:58
vc;2016-9-11;tv_off;9:55
vc;2016-9-11;clock;8:30
vc;2016-9-11;heater;8:0
vc;2016-9-11;light_on;8:31
vc;2016-9-11;coffee;8:52
vc;2016-9-11;tv_on;8:52
vc;2016-9-11;shower_on;9:24
vc;2016-9-11;shower_off;9:34
vc;2016-9-11;toothbrush;9:36
vc;2016-9-12;garage;9:41
vc;2016-9-12;light_off;9:39
vc;2016-9-12;clock;8:41
vc;2016-9-12;heater;8:11
vc;2016-9-12;light_on;8:42
vc;2016-9-12;coffee;8:53
vc;2016-9-12;shower_on;9:3
vc;2016-9-12;shower_off;9:7
vc;2016-9-12;toothbrush;9:9
vc;2016-9-13;garage;9:30
vc;2016-9-13;light_off;9:28
vc;2016-9-13;clock;8:30
vc;2016-9-13;heater;8:0
vc;2016-9-13;light_on;8:31
vc;2016-9-13;coffee;8:38
vc;2016-9-13;shower_on;8:47
vc;2016-9-13;shower_off;8:54
vc;2016-9-13;toothbrush;8:56
vc;2016-9-14;garage;9:11
vc;2016-9-14;light_off;9:9
vc;2016-9-14;clock;8:11
vc;2016-9-14;heater;7:41
vc;2016-9-14;light_on;8:12
vc;2016-9-14;coffee;8:24
vc;2016-9-14;shower_on;8:32
vc;2016-9-14;shower_off;8:37
vc;2016-9-14;toothbrush;8:39
vc;2016-9-14;clock;8:0
vc;2016-9-14;heater;7:30
vc;2016-9-14;light_on;6:6
vc;2016-9-14;coffee;6:9
vc;2016-9-14;door;6:12
vc;2016-9-15;garage;9:30
vc;2016-9-15;light_off;9:28
vc;2016-9-15;clock;8:30
vc;2016-9-15;heater;8:0
vc;2016-9-15;light_on;8:31
vc;2016-9-15;coffee;8:38
vc;2016-9-15;shower_on;8:50
vc;2016-9-15;shower_off;8:55
vc;2016-9-15;toothbrush;8:57
vc;2016-9-16;garage;9:15
vc;2016-9-16;light_off;9:13
vc;2016-9-16;clock;8:15
vc;2016-9-16;heater;7:45
vc;2016-9-16;light_on;8:16
vc;2016-9-16;coffee;8:23
vc;2016-9-16;shower_on;8:36
vc;2016-9-16;shower_off;8:40
vc;2016-9-16;toothbrush;8:42
vc;2016-9-17;garage;10:00
vc;2016-9-17;light_off;9:58
vc;2016-9-17;tv_off;9:55
vc;2016-9-17;clock;8:30
vc;2016-9-17;heater;8:0
vc;2016-9-17;light_on;8:31
vc;2016-9-17;coffee;8:41
vc;2016-9-17;tv_on;8:41
vc;2016-9-17;shower_on;9:15
vc;2016-9-17;shower_off;9:27
vc;2016-9-17;toothbrush;9:29
vc;2016-9-17;clock;8:0
vc;2016-9-17;heater;7:30
vc;2016-9-17;light_on;5:50
vc;2016-9-17;coffee;5:55
vc;2016-9-17;door;5:58
vc;2016-9-18;garage;10:00
vc;2016-9-18;light_off;9:58
vc;2016-9-18;tv_off;9:55
vc;2016-9-18;clock;8:30
vc;2016-9-18;heater;8:0
vc;2016-9-18;light_on;8:31
vc;2016-9-18;coffee;8:54
vc;2016-9-18;tv_on;8:54
vc;2016-9-18;shower_on;9:28
vc;2016-9-18;shower_off;9:40
vc;2016-9-18;toothbrush;9:42
vc;2016-9-19;garage;8:41
vc;2016-9-19;light_off;8:39
vc;2016-9-19;clock;7:41
vc;2016-9-19;heater;7:11
vc;2016-9-19;light_on;7:42
vc;2016-9-19;coffee;7:49
vc;2016-9-19;shower_on;8:1
vc;2016-9-19;shower_off;8:5
vc;2016-9-19;toothbrush;8:7
vc;2016-9-19;clock;8:0
vc;2016-9-19;heater;7:30
vc;2016-9-19;light_on;4:38
vc;2016-9-19;coffee;4:42
vc;2016-9-19;door;4:45
vc;2016-9-20;garage;9:30
vc;2016-9-20;light_off;9:28
vc;2016-9-20;clock;8:30
vc;2016-9-20;heater;8:0
vc;2016-9-20;light_on;8:31
vc;2016-9-20;coffee;8:43
vc;2016-9-20;shower_on;8:52
vc;2016-9-20;shower_off;8:57
vc;2016-9-20;toothbrush;8:59
vc;2016-9-21;garage;9:15
vc;2016-9-21;light_off;9:13
vc;2016-9-21;clock;8:15
vc;2016-9-21;heater;7:45
vc;2016-9-21;light_on;8:16
vc;2016-9-21;coffee;8:24
vc;2016-9-21;shower_on;8:34
vc;2016-9-21;shower_off;8:38
vc;2016-9-21;toothbrush;8:40
vc;2016-9-21;clock;8:0
vc;2016-9-21;heater;7:30
vc;2016-9-21;light_on;6:4
vc;2016-9-21;coffee;6:8
vc;2016-9-21;door;6:11
vc;2016-9-22;garage;8:30
vc;2016-9-22;light_off;8:28
vc;2016-9-22;clock;7:30
vc;2016-9-22;heater;7:0
vc;2016-9-22;light_on;7:31
vc;2016-9-22;coffee;7:39
vc;2016-9-22;shower_on;7:47
vc;2016-9-22;shower_off;7:54
vc;2016-9-22;toothbrush;7:56
vc;2016-9-23;garage;8:41
vc;2016-9-23;light_off;8:39
vc;2016-9-23;clock;7:41
vc;2016-9-23;heater;7:11
vc;2016-9-23;light_on;7:42
vc;2016-9-23;coffee;7:53
vc;2016-9-23;shower_on;8:2
vc;2016-9-23;shower_off;8:8
vc;2016-9-23;toothbrush;8:10
vc;2016-9-23;clock;8:0
vc;2016-9-23;heater;7:30
vc;2016-9-23;light_on;5:13
vc;2016-9-23;coffee;5:18
vc;2016-9-23;door;5:21
vc;2016-9-24;garage;9:00
vc;2016-9-24;light_off;8:58
vc;2016-9-24;tv_off;8:55
vc;2016-9-24;clock;7:30
vc;2016-9-24;heater;7:0
vc;2016-9-24;light_on;7:31
vc;2016-9-24;coffee;7:40
vc;2016-9-24;tv_on;7:40
vc;2016-9-24;shower_on;8:15
vc;2016-9-24;shower_off;8:23
vc;2016-9-24;toothbrush;8:25
vc;2016-9-25;garage;10:00
vc;2016-9-25;light_off;9:58
vc;2016-9-25;tv_off;9:55
vc;2016-9-25;clock;8:30
vc;2016-9-25;heater;8:0
vc;2016-9-25;light_on;8:31
vc;2016-9-25;coffee;8:47
vc;2016-9-25;tv_on;8:47
vc;2016-9-25;shower_on;9:9
vc;2016-9-25;shower_off;9:22
vc;2016-9-25;toothbrush;9:24
vc;2016-9-25;clock;8:0
vc;2016-9-25;heater;7:30
vc;2016-9-25;light_on;5:55
vc;2016-9-25;coffee;6:0
vc;2016-9-25;door;6:3
vc;2016-9-26;garage;8:26
vc;2016-9-26;light_off;8:24
vc;2016-9-26;clock;7:26
vc;2016-9-26;heater;6:56
vc;2016-9-26;light_on;7:27
vc;2016-9-26;coffee;7:38
vc;2016-9-26;shower_on;7:48
vc;2016-9-26;shower_off;7:54
vc;2016-9-26;toothbrush;7:56
vc;2016-9-26;clock;8:0
vc;2016-9-26;heater;7:30
vc;2016-9-26;light_on;5:51
vc;2016-9-26;coffee;5:54
vc;2016-9-26;door;5:57
vc;2016-9-27;garage;8:56
vc;2016-9-27;light_off;8:54
vc;2016-9-27;clock;7:56
vc;2016-9-27;heater;7:26
vc;2016-9-27;light_on;7:57
vc;2016-9-27;coffee;8:7
vc;2016-9-27;shower_on;8:16
vc;2016-9-27;shower_off;8:20
vc;2016-9-27;toothbrush;8:22
vc;2016-9-28;garage;9:15
vc;2016-9-28;light_off;9:13
vc;2016-9-28;clock;8:15
vc;2016-9-28;heater;7:45
vc;2016-9-28;light_on;8:16
vc;2016-9-28;coffee;8:27
vc;2016-9-28;shower_on;8:35
vc;2016-9-28;shower_off;8:41
vc;2016-9-28;toothbrush;8:43
vc;2016-9-28;clock;8:0
vc;2016-9-28;heater;7:30
vc;2016-9-28;light_on;5:38
vc;2016-9-28;coffee;5:41
vc;2016-9-28;door;5:44
vc;2016-9-29;garage;8:45
vc;2016-9-29;light_off;8:43
vc;2016-9-29;clock;7:45
vc;2016-9-29;heater;7:15
vc;2016-9-29;light_on;7:46
vc;2016-9-29;coffee;7:53
vc;2016-9-29;shower_on;8:4
vc;2016-9-29;shower_off;8:10
vc;2016-9-29;toothbrush;8:12
vc;2016-9-30;garage;9:26
vc;2016-9-30;light_off;9:24
vc;2016-9-30;clock;8:26
vc;2016-9-30;heater;7:56
vc;2016-9-30;light_on;8:27
vc;2016-9-30;coffee;8:39
vc;2016-9-30;shower_on;8:48
vc;2016-9-30;shower_off;8:55
vc;2016-9-30;toothbrush;8:57
vc;2016-10-1;garage;10:00
vc;2016-10-1;light_off;9:58
vc;2016-10-1;tv_off;9:55
vc;2016-10-1;clock;8:30
vc;2016-10-1;heater;8:0
vc;2016-10-1;light_on;8:31
vc;2016-10-1;coffee;8:40
vc;2016-10-1;tv_on;8:40
vc;2016-10-1;shower_on;9:4
vc;2016-10-1;shower_off;9:13
vc;2016-10-1;toothbrush;9:15
vc;2016-10-2;garage;9:00
vc;2016-10-2;light_off;8:58
vc;2016-10-2;tv_off;8:55
vc;2016-10-2;clock;7:30
vc;2016-10-2;heater;7:0
vc;2016-10-2;light_on;7:31
vc;2016-10-2;coffee;7:37
vc;2016-10-2;tv_on;7:37
vc;2016-10-2;shower_on;7:59
vc;2016-10-2;shower_off;8:12
vc;2016-10-2;toothbrush;8:14
vc;2016-10-3;garage;9:15
vc;2016-10-3;light_off;9:13
vc;2016-10-3;clock;8:15
vc;2016-10-3;heater;7:45
vc;2016-10-3;light_on;8:16
vc;2016-10-3;coffee;8:23
vc;2016-10-3;shower_on;8:35
vc;2016-10-3;shower_off;8:39
vc;2016-10-3;toothbrush;8:41
vc;2016-10-4;garage;9:45
vc;2016-10-4;light_off;9:43
vc;2016-10-4;clock;8:45
vc;2016-10-4;heater;8:15
vc;2016-10-4;light_on;8:46
vc;2016-10-4;coffee;8:54
vc;2016-10-4;shower_on;9:2
vc;2016-10-4;shower_off;9:9
vc;2016-10-4;toothbrush;9:11
vc;2016-10-5;garage;9:15
vc;2016-10-5;light_off;9:13
vc;2016-10-5;clock;8:15
vc;2016-10-5;heater;7:45
vc;2016-10-5;light_on;8:16
vc;2016-10-5;coffee;8:28
vc;2016-10-5;shower_on;8:40
vc;2016-10-5;shower_off;8:47
vc;2016-10-5;toothbrush;8:49
vc;2016-10-6;garage;9:30
vc;2016-10-6;light_off;9:28
vc;2016-10-6;clock;8:30
vc;2016-10-6;heater;8:0
vc;2016-10-6;light_on;8:31
vc;2016-10-6;coffee;8:39
vc;2016-10-6;shower_on;8:52
vc;2016-10-6;shower_off;8:59
vc;2016-10-6;toothbrush;9:1
vc;2016-10-7;garage;9:15
vc;2016-10-7;light_off;9:13
vc;2016-10-7;clock;8:15
vc;2016-10-7;heater;7:45
vc;2016-10-7;light_on;8:16
vc;2016-10-7;coffee;8:23
vc;2016-10-7;shower_on;8:34
vc;2016-10-7;shower_off;8:38
vc;2016-10-7;toothbrush;8:40
vc;2016-10-7;clock;8:0
vc;2016-10-7;heater;7:30
vc;2016-10-7;light_on;5:56
vc;2016-10-7;coffee;6:1
vc;2016-10-7;door;6:4
vc;2016-10-8;garage;10:00
vc;2016-10-8;light_off;9:58
vc;2016-10-8;tv_off;9:55
vc;2016-10-8;clock;8:30
vc;2016-10-8;heater;8:0
vc;2016-10-8;light_on;8:31
vc;2016-10-8;coffee;8:49
vc;2016-10-8;tv_on;8:49
vc;2016-10-8;shower_on;9:18
vc;2016-10-8;shower_off;9:29
vc;2016-10-8;toothbrush;9:31
vc;2016-10-9;garage;9:00
vc;2016-10-9;light_off;8:58
vc;2016-10-9;tv_off;8:55
vc;2016-10-9;clock;7:30
vc;2016-10-9;heater;7:0
vc;2016-10-9;light_on;7:31
vc;2016-10-9;coffee;7:54
vc;2016-10-9;tv_on;7:54
vc;2016-10-9;shower_on;8:25
vc;2016-10-9;shower_off;8:33
vc;2016-10-9;toothbrush;8:35
vc;2016-10-10;garage;9:37
vc;2016-10-10;light_off;9:35
vc;2016-10-10;clock;8:37
vc;2016-10-10;heater;8:7
vc;2016-10-10;light_on;8:38
vc;2016-10-10;coffee;8:48
vc;2016-10-10;shower_on;9:1
vc;2016-10-10;shower_off;9:6
vc;2016-10-10;toothbrush;9:8
vc;2016-10-11;garage;9:45
vc;2016-10-11;light_off;9:43
vc;2016-10-11;clock;8:45
vc;2016-10-11;heater;8:15
vc;2016-10-11;light_on;8:46
vc;2016-10-11;coffee;8:53
vc;2016-10-11;shower_on;9:2
vc;2016-10-11;shower_off;9:9
vc;2016-10-11;toothbrush;9:11
vc;2016-10-12;garage;8:22
vc;2016-10-12;light_off;8:20
vc;2016-10-12;clock;7:22
vc;2016-10-12;heater;6:52
vc;2016-10-12;light_on;7:23
vc;2016-10-12;coffee;7:34
vc;2016-10-12;shower_on;7:47
vc;2016-10-12;shower_off;7:53
vc;2016-10-12;toothbrush;7:55
vc;2016-10-13;garage;9:7
vc;2016-10-13;light_off;9:5
vc;2016-10-13;clock;8:7
vc;2016-10-13;heater;7:37
vc;2016-10-13;light_on;8:8
vc;2016-10-13;coffee;8:16
vc;2016-10-13;shower_on;8:28
vc;2016-10-13;shower_off;8:34
vc;2016-10-13;toothbrush;8:36
vc;2016-10-14;garage;8:37
vc;2016-10-14;light_off;8:35
vc;2016-10-14;clock;7:37
vc;2016-10-14;heater;7:7
vc;2016-10-14;light_on;7:38
vc;2016-10-14;coffee;7:48
vc;2016-10-14;shower_on;7:59
vc;2016-10-14;shower_off;8:5
vc;2016-10-14;toothbrush;8:7
vc;2016-10-14;clock;8:0
vc;2016-10-14;heater;7:30
vc;2016-10-14;light_on;6:19
vc;2016-10-14;coffee;6:22
vc;2016-10-14;door;6:25
vc;2016-10-15;garage;9:00
vc;2016-10-15;light_off;8:58
vc;2016-10-15;tv_off;8:55
vc;2016-10-15;clock;7:30
vc;2016-10-15;heater;7:0
vc;2016-10-15;light_on;7:31
vc;2016-10-15;coffee;7:47
vc;2016-10-15;tv_on;7:47
vc;2016-10-15;shower_on;8:8
vc;2016-10-15;shower_off;8:19
vc;2016-10-15;toothbrush;8:21
vc;2016-10-16;garage;10:00
vc;2016-10-16;light_off;9:58
vc;2016-10-16;tv_off;9:55
vc;2016-10-16;clock;8:30
vc;2016-10-16;heater;8:0
vc;2016-10-16;light_on;8:31
vc;2016-10-16;coffee;8:42
vc;2016-10-16;tv_on;8:42
vc;2016-10-16;shower_on;9:10
vc;2016-10-16;shower_off;9:18
vc;2016-10-16;toothbrush;9:20
vc;2016-10-17;garage;9:0
vc;2016-10-17;light_off;8:58
vc;2016-10-17;clock;8:0
vc;2016-10-17;heater;7:30
vc;2016-10-17;light_on;8:1
vc;2016-10-17;coffee;8:9
vc;2016-10-17;shower_on;8:17
vc;2016-10-17;shower_off;8:21
vc;2016-10-17;toothbrush;8:23
vc;2016-10-18;garage;9:15
vc;2016-10-18;light_off;9:13
vc;2016-10-18;clock;8:15
vc;2016-10-18;heater;7:45
vc;2016-10-18;light_on;8:16
vc;2016-10-18;coffee;8:28
vc;2016-10-18;shower_on;8:40
vc;2016-10-18;shower_off;8:47
vc;2016-10-18;toothbrush;8:49
vc;2016-10-19;garage;9:37
vc;2016-10-19;light_off;9:35
vc;2016-10-19;clock;8:37
vc;2016-10-19;heater;8:7
vc;2016-10-19;light_on;8:38
vc;2016-10-19;coffee;8:46
vc;2016-10-19;shower_on;8:55
vc;2016-10-19;shower_off;8:59
vc;2016-10-19;toothbrush;9:1
vc;2016-10-20;garage;8:41
vc;2016-10-20;light_off;8:39
vc;2016-10-20;clock;7:41
vc;2016-10-20;heater;7:11
vc;2016-10-20;light_on;7:42
vc;2016-10-20;coffee;7:51
vc;2016-10-20;shower_on;8:3
vc;2016-10-20;shower_off;8:7
vc;2016-10-20;toothbrush;8:9
vc;2016-10-21;garage;8:37
vc;2016-10-21;light_off;8:35
vc;2016-10-21;clock;7:37
vc;2016-10-21;heater;7:7
vc;2016-10-21;light_on;7:38
vc;2016-10-21;coffee;7:49
vc;2016-10-21;shower_on;7:59
vc;2016-10-21;shower_off;8:3
vc;2016-10-21;toothbrush;8:5
vc;2016-10-22;garage;9:00
vc;2016-10-22;light_off;8:58
vc;2016-10-22;tv_off;8:55
vc;2016-10-22;clock;7:30
vc;2016-10-22;heater;7:0
vc;2016-10-22;light_on;7:31
vc;2016-10-22;coffee;7:53
vc;2016-10-22;tv_on;7:53
vc;2016-10-22;shower_on;8:32
vc;2016-10-22;shower_off;8:44
vc;2016-10-22;toothbrush;8:46
vc;2016-10-23;garage;9:00
vc;2016-10-23;light_off;8:58
vc;2016-10-23;tv_off;8:55
vc;2016-10-23;clock;7:30
vc;2016-10-23;heater;7:0
vc;2016-10-23;light_on;7:31
vc;2016-10-23;coffee;7:39
vc;2016-10-23;tv_on;7:39
vc;2016-10-23;shower_on;8:1
vc;2016-10-23;shower_off;8:14
vc;2016-10-23;toothbrush;8:16
vc;2016-10-23;clock;8:0
vc;2016-10-23;heater;7:30
vc;2016-10-23;light_on;5:21
vc;2016-10-23;coffee;5:26
vc;2016-10-23;door;5:29
vc;2016-10-24;garage;9:45
vc;2016-10-24;light_off;9:43
vc;2016-10-24;clock;8:45
vc;2016-10-24;heater;8:15
vc;2016-10-24;light_on;8:46
vc;2016-10-24;coffee;8:56
vc;2016-10-24;shower_on;9:5
vc;2016-10-24;shower_off;9:10
vc;2016-10-24;toothbrush;9:12
vc;2016-10-25;garage;8:22
vc;2016-10-25;light_off;8:20
vc;2016-10-25;clock;7:22
vc;2016-10-25;heater;6:52
vc;2016-10-25;light_on;7:23
vc;2016-10-25;coffee;7:34
vc;2016-10-25;shower_on;7:46
vc;2016-10-25;shower_off;7:53
vc;2016-10-25;toothbrush;7:55
vc;2016-10-26;garage;9:37
vc;2016-10-26;light_off;9:35
vc;2016-10-26;clock;8:37
vc;2016-10-26;heater;8:7
vc;2016-10-26;light_on;8:38
vc;2016-10-26;coffee;8:45
vc;2016-10-26;shower_on;8:55
vc;2016-10-26;shower_off;8:59
vc;2016-10-26;toothbrush;9:1
vc;2016-10-27;garage;9:45
vc;2016-10-27;light_off;9:43
vc;2016-10-27;clock;8:45
vc;2016-10-27;heater;8:15
vc;2016-10-27;light_on;8:46
vc;2016-10-27;coffee;8:55
vc;2016-10-27;shower_on;9:4
vc;2016-10-27;shower_off;9:10
vc;2016-10-27;toothbrush;9:12
vc;2016-10-27;clock;8:0
vc;2016-10-27;heater;7:30
vc;2016-10-27;light_on;4:52
vc;2016-10-27;coffee;4:55
vc;2016-10-27;door;4:58
vc;2016-10-28;garage;9:41
vc;2016-10-28;light_off;9:39
vc;2016-10-28;clock;8:41
vc;2016-10-28;heater;8:11
vc;2016-10-28;light_on;8:42
vc;2016-10-28;coffee;8:50
vc;2016-10-28;shower_on;9:2
vc;2016-10-28;shower_off;9:9
vc;2016-10-28;toothbrush;9:11
vc;2016-10-29;garage;9:00
vc;2016-10-29;light_off;8:58
vc;2016-10-29;tv_off;8:55
vc;2016-10-29;clock;7:30
vc;2016-10-29;heater;7:0
vc;2016-10-29;light_on;7:31
vc;2016-10-29;coffee;7:39
vc;2016-10-29;tv_on;7:39
vc;2016-10-29;shower_on;8:10
vc;2016-10-29;shower_off;8:20
vc;2016-10-29;toothbrush;8:22
vc;2016-10-29;clock;8:0
vc;2016-10-29;heater;7:30
vc;2016-10-29;light_on;5:25
vc;2016-10-29;coffee;5:28
vc;2016-10-29;door;5:31
vc;2016-10-30;garage;10:00
vc;2016-10-30;light_off;9:58
vc;2016-10-30;tv_off;9:55
vc;2016-10-30;clock;8:30
vc;2016-10-30;heater;8:0
vc;2016-10-30;light_on;8:31
vc;2016-10-30;coffee;8:37
vc;2016-10-30;tv_on;8:37
vc;2016-10-30;shower_on;8:58
vc;2016-10-30;shower_off;9:11
vc;2016-10-30;toothbrush;9:13
vc;2016-10-31;garage;9:22
vc;2016-10-31;light_off;9:20
vc;2016-10-31;clock;8:22
vc;2016-10-31;heater;7:52
vc;2016-10-31;light_on;8:23
vc;2016-10-31;coffee;8:34
vc;2016-10-31;shower_on;8:45
vc;2016-10-31;shower_off;8:51
vc;2016-10-31;toothbrush;8:53
vc;2016-11-1;garage;9:00
vc;2016-11-1;light_off;8:58
vc;2016-11-1;tv_off;8:55
vc;2016-11-1;clock;7:30
vc;2016-11-1;heater;7:0
vc;2016-11-1;light_on;7:31
vc;2016-11-1;coffee;7:54
vc;2016-11-1;tv_on;7:54
vc;2016-11-1;shower_on;8:23
vc;2016-11-1;shower_off;8:31
vc;2016-11-1;toothbrush;8:33
vc;2016-11-1;clock;8:0
vc;2016-11-1;heater;7:30
vc;2016-11-1;light_on;6:8
vc;2016-11-1;coffee;6:14
vc;2016-11-1;door;6:17
vc;2016-11-8;garage;8:52
vc;2016-11-8;light_off;8:50
vc;2016-11-8;clock;7:52
vc;2016-11-8;heater;7:22
vc;2016-11-8;light_on;7:53
vc;2016-11-8;coffee;8:2
vc;2016-11-8;shower_on;8:14
vc;2016-11-8;shower_off;8:19
vc;2016-11-8;toothbrush;8:21
vc;2016-11-9;garage;9:15
vc;2016-11-9;light_off;9:13
vc;2016-11-9;clock;8:15
vc;2016-11-9;heater;7:45
vc;2016-11-9;light_on;8:16
vc;2016-11-9;coffee;8:24
vc;2016-11-9;shower_on;8:34
vc;2016-11-9;shower_off;8:40
vc;2016-11-9;toothbrush;8:42
vc;2016-11-10;garage;8:48
vc;2016-11-10;light_off;8:46
vc;2016-11-10;clock;7:48
vc;2016-11-10;heater;7:18
vc;2016-11-10;light_on;7:49
vc;2016-11-10;coffee;7:59
vc;2016-11-10;shower_on;8:9
vc;2016-11-10;shower_off;8:13
vc;2016-11-10;toothbrush;8:15
vc;2016-11-10;clock;8:0
vc;2016-11-10;heater;7:30
vc;2016-11-10;light_on;5:58
vc;2016-11-10;coffee;6:2
vc;2016-11-10;door;6:5
vc;2016-11-11;garage;10:00
vc;2016-11-11;light_off;9:58
vc;2016-11-11;tv_off;9:55
vc;2016-11-11;clock;8:30
vc;2016-11-11;heater;8:0
vc;2016-11-11;light_on;8:31
vc;2016-11-11;coffee;8:51
vc;2016-11-11;tv_on;8:51
vc;2016-11-11;shower_on;9:19
vc;2016-11-11;shower_off;9:29
vc;2016-11-11;toothbrush;9:31
vc;2016-11-11;clock;8:0
vc;2016-11-11;heater;7:30
vc;2016-11-11;light_on;5:5
vc;2016-11-11;coffee;5:11
vc;2016-11-11;door;5:14
vc;2016-11-12;garage;10:00
vc;2016-11-12;light_off;9:58
vc;2016-11-12;tv_off;9:55
vc;2016-11-12;clock;8:30
vc;2016-11-12;heater;8:0
vc;2016-11-12;light_on;8:31
vc;2016-11-12;coffee;8:48
vc;2016-11-12;tv_on;8:48
vc;2016-11-12;shower_on;9:14
vc;2016-11-12;shower_off;9:22
vc;2016-11-12;toothbrush;9:24
vc;2016-11-13;garage;9:00
vc;2016-11-13;light_off;8:58
vc;2016-11-13;tv_off;8:55
vc;2016-11-13;clock;7:30
vc;2016-11-13;heater;7:0
vc;2016-11-13;light_on;7:31
vc;2016-11-13;coffee;7:45
vc;2016-11-13;tv_on;7:45
vc;2016-11-13;shower_on;8:25
vc;2016-11-13;shower_off;8:37
vc;2016-11-13;toothbrush;8:39
vc;2016-11-14;garage;9:18
vc;2016-11-14;light_off;9:16
vc;2016-11-14;clock;8:18
vc;2016-11-14;heater;7:48
vc;2016-11-14;light_on;8:19
vc;2016-11-14;coffee;8:31
vc;2016-11-14;shower_on;8:41
vc;2016-11-14;shower_off;8:46
vc;2016-11-14;toothbrush;8:48
vc;2016-11-15;garage;9:26
vc;2016-11-15;light_off;9:24
vc;2016-11-15;clock;8:26
vc;2016-11-15;heater;7:56
vc;2016-11-15;light_on;8:27
vc;2016-11-15;coffee;8:37
vc;2016-11-15;shower_on;8:46
vc;2016-11-15;shower_off;8:51
vc;2016-11-15;toothbrush;8:53
vc;2016-11-15;clock;8:0
vc;2016-11-15;heater;7:30
vc;2016-11-15;light_on;5:46
vc;2016-11-15;coffee;5:49
vc;2016-11-15;door;5:52
vc;2016-11-16;garage;8:52
vc;2016-11-16;light_off;8:50
vc;2016-11-16;clock;7:52
vc;2016-11-16;heater;7:22
vc;2016-11-16;light_on;7:53
vc;2016-11-16;coffee;8:5
vc;2016-11-16;shower_on;8:14
vc;2016-11-16;shower_off;8:21
vc;2016-11-16;toothbrush;8:23
vc;2016-11-17;garage;9:7
vc;2016-11-17;light_off;9:5
vc;2016-11-17;clock;8:7
vc;2016-11-17;heater;7:37
vc;2016-11-17;light_on;8:8
vc;2016-11-17;coffee;8:20
vc;2016-11-17;shower_on;8:28
vc;2016-11-17;shower_off;8:33
vc;2016-11-17;toothbrush;8:35
vc;2016-11-18;garage;9:37
vc;2016-11-18;light_off;9:35
vc;2016-11-18;clock;8:37
vc;2016-11-18;heater;8:7
vc;2016-11-18;light_on;8:38
vc;2016-11-18;coffee;8:48
vc;2016-11-18;shower_on;9:1
vc;2016-11-18;shower_off;9:8
vc;2016-11-18;toothbrush;9:10
vc;2016-11-19;garage;9:00
vc;2016-11-19;light_off;8:58
vc;2016-11-19;tv_off;8:55
vc;2016-11-19;clock;7:30
vc;2016-11-19;heater;7:0
vc;2016-11-19;light_on;7:31
vc;2016-11-19;coffee;7:51
vc;2016-11-19;tv_on;7:51
vc;2016-11-19;shower_on;8:13
vc;2016-11-19;shower_off;8:23
vc;2016-11-19;toothbrush;8:25
vc;2016-11-20;garage;9:00
vc;2016-11-20;light_off;8:58
vc;2016-11-20;tv_off;8:55
vc;2016-11-20;clock;7:30
vc;2016-11-20;heater;7:0
vc;2016-11-20;light_on;7:31
vc;2016-11-20;coffee;7:45
vc;2016-11-20;tv_on;7:45
vc;2016-11-20;shower_on;8:21
vc;2016-11-20;shower_off;8:34
vc;2016-11-20;toothbrush;8:36
vc;2016-11-20;clock;8:0
vc;2016-11-20;heater;7:30
vc;2016-11-20;light_on;6:17
vc;2016-11-20;coffee;6:23
vc;2016-11-20;door;6:26
vc;2016-11-21;garage;9:11
vc;2016-11-21;light_off;9:9
vc;2016-11-21;clock;8:11
vc;2016-11-21;heater;7:41
vc;2016-11-21;light_on;8:12
vc;2016-11-21;coffee;8:21
vc;2016-11-21;shower_on;8:34
vc;2016-11-21;shower_off;8:38
vc;2016-11-21;toothbrush;8:40
vc;2016-11-22;garage;8:26
vc;2016-11-22;light_off;8:24
vc;2016-11-22;clock;7:26
vc;2016-11-22;heater;6:56
vc;2016-11-22;light_on;7:27
vc;2016-11-22;coffee;7:35
vc;2016-11-22;shower_on;7:47
vc;2016-11-22;shower_off;7:54
vc;2016-11-22;toothbrush;7:56
vc;2016-11-23;garage;9:18
vc;2016-11-23;light_off;9:16
vc;2016-11-23;clock;8:18
vc;2016-11-23;heater;7:48
vc;2016-11-23;light_on;8:19
vc;2016-11-23;coffee;8:29
vc;2016-11-23;shower_on;8:40
vc;2016-11-23;shower_off;8:45
vc;2016-11-23;toothbrush;8:47
vc;2016-11-24;garage;9:26
vc;2016-11-24;light_off;9:24
vc;2016-11-24;clock;8:26
vc;2016-11-24;heater;7:56
vc;2016-11-24;light_on;8:27
vc;2016-11-24;coffee;8:37
vc;2016-11-24;shower_on;8:48
vc;2016-11-24;shower_off;8:52
vc;2016-11-24;toothbrush;8:54
vc;2016-11-25;garage;9:18
vc;2016-11-25;light_off;9:16
vc;2016-11-25;clock;8:18
vc;2016-11-25;heater;7:48
vc;2016-11-25;light_on;8:19
vc;2016-11-25;coffee;8:31
vc;2016-11-25;shower_on;8:44
vc;2016-11-25;shower_off;8:50
vc;2016-11-25;toothbrush;8:52
vc;2016-11-25;clock;8:0
vc;2016-11-25;heater;7:30
vc;2016-11-25;light_on;4:49
vc;2016-11-25;coffee;4:55
vc;2016-11-25;door;4:58
vc;2016-11-26;garage;10:00
vc;2016-11-26;light_off;9:58
vc;2016-11-26;tv_off;9:55
vc;2016-11-26;clock;8:30
vc;2016-11-26;heater;8:0
vc;2016-11-26;light_on;8:31
vc;2016-11-26;coffee;8:49
vc;2016-11-26;tv_on;8:49
vc;2016-11-26;shower_on;9:24
vc;2016-11-26;shower_off;9:33
vc;2016-11-26;toothbrush;9:35
vc;2016-11-27;garage;9:00
vc;2016-11-27;light_off;8:58
vc;2016-11-27;tv_off;8:55
vc;2016-11-27;clock;7:30
vc;2016-11-27;heater;7:0
vc;2016-11-27;light_on;7:31
vc;2016-11-27;coffee;7:41
vc;2016-11-27;tv_on;7:41
vc;2016-11-27;shower_on;8:12
vc;2016-11-27;shower_off;8:22
vc;2016-11-27;toothbrush;8:24
vc;2016-11-27;clock;8:0
vc;2016-11-27;heater;7:30
vc;2016-11-27;light_on;4:57
vc;2016-11-27;coffee;5:0
vc;2016-11-27;door;5:3
vc;2016-11-28;garage;8:33
vc;2016-11-28;light_off;8:31
vc;2016-11-28;clock;7:33
vc;2016-11-28;heater;7:3
vc;2016-11-28;light_on;7:34
vc;2016-11-28;coffee;7:43
vc;2016-11-28;shower_on;7:52
vc;2016-11-28;shower_off;7:59
vc;2016-11-28;toothbrush;8:1
vc;2016-11-29;garage;9:0
vc;2016-11-29;light_off;8:58
vc;2016-11-29;clock;8:0
vc;2016-11-29;heater;7:30
vc;2016-11-29;light_on;8:1
vc;2016-11-29;coffee;8:10
vc;2016-11-29;shower_on;8:22
vc;2016-11-29;shower_off;8:26
vc;2016-11-29;toothbrush;8:28
vc;2016-11-30;garage;9:37
vc;2016-11-30;light_off;9:35
vc;2016-11-30;clock;8:37
vc;2016-11-30;heater;8:7
vc;2016-11-30;light_on;8:38
vc;2016-11-30;coffee;8:49
vc;2016-11-30;shower_on;8:57
vc;2016-11-30;shower_off;9:3
vc;2016-11-30;toothbrush;9:5
vc;2016-12-1;garage;9:41
vc;2016-12-1;light_off;9:39
vc;2016-12-1;clock;8:41
vc;2016-12-1;heater;8:11
vc;2016-12-1;light_on;8:42
vc;2016-12-1;coffee;8:51
vc;2016-12-1;shower_on;9:3
vc;2016-12-1;shower_off;9:8
vc;2016-12-1;toothbrush;9:10
vc;2016-12-2;garage;8:37
vc;2016-12-2;light_off;8:35
vc;2016-12-2;clock;7:37
vc;2016-12-2;heater;7:7
vc;2016-12-2;light_on;7:38
vc;2016-12-2;coffee;7:49
vc;2016-12-2;shower_on;7:59
vc;2016-12-2;shower_off;8:6
vc;2016-12-2;toothbrush;8:8
vc;2016-12-3;garage;9:00
vc;2016-12-3;light_off;8:58
vc;2016-12-3;tv_off;8:55
vc;2016-12-3;clock;7:30
vc;2016-12-3;heater;7:0
vc;2016-12-3;light_on;7:31
vc;2016-12-3;coffee;7:45
vc;2016-12-3;tv_on;7:45
vc;2016-12-3;shower_on;8:20
vc;2016-12-3;shower_off;8:29
vc;2016-12-3;toothbrush;8:31
vc;2016-12-4;garage;9:00
vc;2016-12-4;light_off;8:58
vc;2016-12-4;tv_off;8:55
vc;2016-12-4;clock;7:30
vc;2016-12-4;heater;7:0
vc;2016-12-4;light_on;7:31
vc;2016-12-4;coffee;7:53
vc;2016-12-4;tv_on;7:53
vc;2016-12-4;shower_on;8:27
vc;2016-12-4;shower_off;8:35
vc;2016-12-4;toothbrush;8:37
vc;2016-12-4;clock;8:0
vc;2016-12-4;heater;7:30
vc;2016-12-4;light_on;5:52
vc;2016-12-4;coffee;5:55
vc;2016-12-4;door;5:58
vc;2016-12-5;garage;8:29
vc;2016-12-5;light_off;8:27
vc;2016-12-5;clock;7:29
vc;2016-12-5;heater;6:59
vc;2016-12-5;light_on;7:30
vc;2016-12-5;coffee;7:41
vc;2016-12-5;shower_on;7:51
vc;2016-12-5;shower_off;7:56
vc;2016-12-5;toothbrush;7:58
vc;2016-12-6;garage;8:18
vc;2016-12-6;light_off;8:16
vc;2016-12-6;clock;7:18
vc;2016-12-6;heater;6:48
vc;2016-12-6;light_on;7:19
vc;2016-12-6;coffee;7:31
vc;2016-12-6;shower_on;7:44
vc;2016-12-6;shower_off;7:48
vc;2016-12-6;toothbrush;7:50
vc;2016-12-7;garage;9:18
vc;2016-12-7;light_off;9:16
vc;2016-12-7;clock;8:18
vc;2016-12-7;heater;7:48
vc;2016-12-7;light_on;8:19
vc;2016-12-7;coffee;8:29
vc;2016-12-7;shower_on;8:39
vc;2016-12-7;shower_off;8:44
vc;2016-12-7;toothbrush;8:46
vc;2016-12-7;clock;8:0
vc;2016-12-7;heater;7:30
vc;2016-12-7;light_on;4:43
vc;2016-12-7;coffee;4:48
vc;2016-12-7;door;4:51
vc;2016-12-8;garage;9:18
vc;2016-12-8;light_off;9:16
vc;2016-12-8;clock;8:18
vc;2016-12-8;heater;7:48
vc;2016-12-8;light_on;8:19
vc;2016-12-8;coffee;8:27
vc;2016-12-8;shower_on;8:38
vc;2016-12-8;shower_off;8:42
vc;2016-12-8;toothbrush;8:44
vc;2016-12-8;clock;8:0
vc;2016-12-8;heater;7:30
vc;2016-12-8;light_on;4:52
vc;2016-12-8;coffee;4:56
vc;2016-12-8;door;4:59
vc;2016-12-9;garage;8:22
vc;2016-12-9;light_off;8:20
vc;2016-12-9;clock;7:22
vc;2016-12-9;heater;6:52
vc;2016-12-9;light_on;7:23
vc;2016-12-9;coffee;7:32
vc;2016-12-9;shower_on;7:40
vc;2016-12-9;shower_off;7:47
vc;2016-12-9;toothbrush;7:49
vc;2016-12-10;garage;10:00
vc;2016-12-10;light_off;9:58
vc;2016-12-10;tv_off;9:55
vc;2016-12-10;clock;8:30
vc;2016-12-10;heater;8:0
vc;2016-12-10;light_on;8:31
vc;2016-12-10;coffee;8:40
vc;2016-12-10;tv_on;8:40
vc;2016-12-10;shower_on;9:10
vc;2016-12-10;shower_off;9:19
vc;2016-12-10;toothbrush;9:21
vc;2016-12-11;garage;10:00
vc;2016-12-11;light_off;9:58
vc;2016-12-11;tv_off;9:55
vc;2016-12-11;clock;8:30
vc;2016-12-11;heater;8:0
vc;2016-12-11;light_on;8:31
vc;2016-12-11;coffee;8:55
vc;2016-12-11;tv_on;8:55
vc;2016-12-11;shower_on;9:16
vc;2016-12-11;shower_off;9:25
vc;2016-12-11;toothbrush;9:27
vc;2016-12-11;clock;8:0
vc;2016-12-11;heater;7:30
vc;2016-12-11;light_on;6:2
vc;2016-12-11;coffee;6:6
vc;2016-12-11;door;6:9
vc;2016-12-12;garage;8:26
vc;2016-12-12;light_off;8:24
vc;2016-12-12;clock;7:26
vc;2016-12-12;heater;6:56
vc;2016-12-12;light_on;7:27
vc;2016-12-12;coffee;7:39
vc;2016-12-12;shower_on;7:52
vc;2016-12-12;shower_off;7:57
vc;2016-12-12;toothbrush;7:59
vc;2016-12-13;garage;8:44
vc;2016-12-13;light_off;8:42
vc;2016-12-13;clock;7:44
vc;2016-12-13;heater;7:14
vc;2016-12-13;light_on;7:45
vc;2016-12-13;coffee;7:56
vc;2016-12-13;shower_on;8:7
vc;2016-12-13;shower_off;8:11
vc;2016-12-13;toothbrush;8:13
vc;2016-12-14;garage;8:41
vc;2016-12-14;light_off;8:39
vc;2016-12-14;clock;7:41
vc;2016-12-14;heater;7:11
vc;2016-12-14;light_on;7:42
vc;2016-12-14;coffee;7:49
vc;2016-12-14;shower_on;8:1
vc;2016-12-14;shower_off;8:7
vc;2016-12-14;toothbrush;8:9
vc;2016-12-15;garage;8:52
vc;2016-12-15;light_off;8:50
vc;2016-12-15;clock;7:52
vc;2016-12-15;heater;7:22
vc;2016-12-15;light_on;7:53
vc;2016-12-15;coffee;8:5
vc;2016-12-15;shower_on;8:16
vc;2016-12-15;shower_off;8:20
vc;2016-12-15;toothbrush;8:22
vc;2016-12-15;clock;8:0
vc;2016-12-15;heater;7:30
vc;2016-12-15;light_on;4:59
vc;2016-12-15;coffee;5:3
vc;2016-12-15;door;5:6
vc;2016-12-16;garage;9:0
vc;2016-12-16;light_off;8:58
vc;2016-12-16;clock;8:0
vc;2016-12-16;heater;7:30
vc;2016-12-16;light_on;8:1
vc;2016-12-16;coffee;8:11
vc;2016-12-16;shower_on;8:23
vc;2016-12-16;shower_off;8:29
vc;2016-12-16;toothbrush;8:31
vc;2016-12-17;garage;10:00
vc;2016-12-17;light_off;9:58
vc;2016-12-17;tv_off;9:55
vc;2016-12-17;clock;8:30
vc;2016-12-17;heater;8:0
vc;2016-12-17;light_on;8:31
vc;2016-12-17;coffee;8:52
vc;2016-12-17;tv_on;8:52
vc;2016-12-17;shower_on;9:14
vc;2016-12-17;shower_off;9:24
vc;2016-12-17;toothbrush;9:26
vc;2016-12-18;garage;9:00
vc;2016-12-18;light_off;8:58
vc;2016-12-18;tv_off;8:55
vc;2016-12-18;clock;7:30
vc;2016-12-18;heater;7:0
vc;2016-12-18;light_on;7:31
vc;2016-12-18;coffee;7:45
vc;2016-12-18;tv_on;7:45
vc;2016-12-18;shower_on;8:22
vc;2016-12-18;shower_off;8:30
vc;2016-12-18;toothbrush;8:32
vc;2016-12-19;garage;8:56
vc;2016-12-19;light_off;8:54
vc;2016-12-19;clock;7:56
vc;2016-12-19;heater;7:26
vc;2016-12-19;light_on;7:57
vc;2016-12-19;coffee;8:9
vc;2016-12-19;shower_on;8:22
vc;2016-12-19;shower_off;8:27
vc;2016-12-19;toothbrush;8:29
vc;2016-12-20;garage;8:44
vc;2016-12-20;light_off;8:42
vc;2016-12-20;clock;7:44
vc;2016-12-20;heater;7:14
vc;2016-12-20;light_on;7:45
vc;2016-12-20;coffee;7:56
vc;2016-12-20;shower_on;8:6
vc;2016-12-20;shower_off;8:11
vc;2016-12-20;toothbrush;8:13
vc;2016-12-21;garage;8:22
vc;2016-12-21;light_off;8:20
vc;2016-12-21;clock;7:22
vc;2016-12-21;heater;6:52
vc;2016-12-21;light_on;7:23
vc;2016-12-21;coffee;7:32
vc;2016-12-21;shower_on;7:40
vc;2016-12-21;shower_off;7:46
vc;2016-12-21;toothbrush;7:48
vc;2016-12-22;garage;8:18
vc;2016-12-22;light_off;8:16
vc;2016-12-22;clock;7:18
vc;2016-12-22;heater;6:48
vc;2016-12-22;light_on;7:19
vc;2016-12-22;coffee;7:27
vc;2016-12-22;shower_on;7:39
vc;2016-12-22;shower_off;7:44
vc;2016-12-22;toothbrush;7:46
vc;2016-12-23;garage;9:33
vc;2016-12-23;light_off;9:31
vc;2016-12-23;clock;8:33
vc;2016-12-23;heater;8:3
vc;2016-12-23;light_on;8:34
vc;2016-12-23;coffee;8:43
vc;2016-12-23;shower_on;8:51
vc;2016-12-23;shower_off;8:55
vc;2016-12-23;toothbrush;8:57
vc;2016-12-23;clock;8:0
vc;2016-12-23;heater;7:30
vc;2016-12-23;light_on;5:0
vc;2016-12-23;coffee;5:5
vc;2016-12-23;door;5:8
vc;2016-12-24;garage;10:00
vc;2016-12-24;light_off;9:58
vc;2016-12-24;tv_off;9:55
vc;2016-12-24;clock;8:30
vc;2016-12-24;heater;8:0
vc;2016-12-24;light_on;8:31
vc;2016-12-24;coffee;8:50
vc;2016-12-24;tv_on;8:50
vc;2016-12-24;shower_on;9:24
vc;2016-12-24;shower_off;9:33
vc;2016-12-24;toothbrush;9:35
vc;2016-12-25;garage;10:00
vc;2016-12-25;light_off;9:58
vc;2016-12-25;tv_off;9:55
vc;2016-12-25;clock;8:30
vc;2016-12-25;heater;8:0
vc;2016-12-25;light_on;8:31
vc;2016-12-25;coffee;8:48
vc;2016-12-25;tv_on;8:48
vc;2016-12-25;shower_on;9:15
vc;2016-12-25;shower_off;9:28
vc;2016-12-25;toothbrush;9:30
vc;2016-12-26;garage;8:22
vc;2016-12-26;light_off;8:20
vc;2016-12-26;clock;7:22
vc;2016-12-26;heater;6:52
vc;2016-12-26;light_on;7:23
vc;2016-12-26;coffee;7:31
vc;2016-12-26;shower_on;7:42
vc;2016-12-26;shower_off;7:46
vc;2016-12-26;toothbrush;7:48
vc;2016-12-27;garage;8:22
vc;2016-12-27;light_off;8:20
vc;2016-12-27;clock;7:22
vc;2016-12-27;heater;6:52
vc;2016-12-27;light_on;7:23
vc;2016-12-27;coffee;7:33
vc;2016-12-27;shower_on;7:45
vc;2016-12-27;shower_off;7:50
vc;2016-12-27;toothbrush;7:52
vc;2016-12-28;garage;8:59
vc;2016-12-28;light_off;8:57
vc;2016-12-28;clock;7:59
vc;2016-12-28;heater;7:29
vc;2016-12-28;light_on;8:0
vc;2016-12-28;coffee;8:10
vc;2016-12-28;shower_on;8:20
vc;2016-12-28;shower_off;8:27
vc;2016-12-28;toothbrush;8:29
vc;2016-12-28;clock;8:0
vc;2016-12-28;heater;7:30
vc;2016-12-28;light_on;5:14
vc;2016-12-28;coffee;5:19
vc;2016-12-28;door;5:22
vc;2016-12-29;garage;9:26
vc;2016-12-29;light_off;9:24
vc;2016-12-29;clock;8:26
vc;2016-12-29;heater;7:56
vc;2016-12-29;light_on;8:27
vc;2016-12-29;coffee;8:37
vc;2016-12-29;shower_on;8:47
vc;2016-12-29;shower_off;8:51
vc;2016-12-29;toothbrush;8:53
vc;2016-12-29;clock;8:0
vc;2016-12-29;heater;7:30
vc;2016-12-29;light_on;5:50
vc;2016-12-29;coffee;5:55
vc;2016-12-29;door;5:58
vc;2016-12-30;garage;9:26
vc;2016-12-30;light_off;9:24
vc;2016-12-30;clock;8:26
vc;2016-12-30;heater;7:56
vc;2016-12-30;light_on;8:27
vc;2016-12-30;coffee;8:39
vc;2016-12-30;shower_on;8:52
vc;2016-12-30;shower_off;8:57
vc;2016-12-30;toothbrush;8:59
vc;2016-12-31;garage;9:00
vc;2016-12-31;light_off;8:58
vc;2016-12-31;tv_off;8:55
vc;2016-12-31;clock;7:30
vc;2016-12-31;heater;7:0
vc;2016-12-31;light_on;7:31
vc;2016-12-31;coffee;7:43
vc;2016-12-31;tv_on;7:43
vc;2016-12-31;shower_on;8:23
vc;2016-12-31;shower_off;8:33
vc;2016-12-31;toothbrush;8:35
vc;2016-12-31;clock;8:0
vc;2016-12-31;heater;7:30
vc;2016-12-31;light_on;6:22
vc;2016-12-31;coffee;6:25
vc;2016-12-31;door;6:28
